<BF_Capabilities>
	<Capability>
		<GUID>C8384371-3DD2-4F47-99AF-7C9A0DC75494</GUID>
		<CapabilityID>BFPEXPERT</CapabilityID>
		<ManagerRights>x</ManagerRights>
		<SupervisorRights>x</SupervisorRights>
		<InvestigatorRights>x</InvestigatorRights>
		<OperatorRights>x</OperatorRights>
	</Capability>
	<Capability>
		<GUID>1ED9AACE-2D6F-48BA-91CF-D2AABC3EC6FD</GUID>
		<CapabilityID>BFPTRAINING</CapabilityID>
		<ManagerRights>x</ManagerRights>
		<SupervisorRights>x</SupervisorRights>
		<InvestigatorRights>x</InvestigatorRights>
		<OperatorRights>x</OperatorRights>
	</Capability>
</BF_Capabilities>
