<BF_Languages>
	<Language>
		<GUID>E8E06FEC-DBA8-44CE-A1A2-006E3F402D35</GUID>
		<LCID>ml-IN     </LCID>
		<Language>Malayalam</Language>
		<NativeLanguageName_LA>B04B3CDA-B0BC-496D-916C-06CC424D525C</NativeLanguageName_LA>
		<Country>India</Country>
		<NativeCountryName_LA>C892E1BA-922E-4DFE-B85F-F0A79712BBD2</NativeCountryName_LA>
		<FlagIcon>IN.png</FlagIcon>
		<IsTranslated>0</IsTranslated>
		<Style>Styles_en-US.xaml</Style>
		<Direction>LTR</Direction>
	</Language>
	<Language>
		<GUID>BCB88274-C731-4F91-B887-00FEF27051E0</GUID>
		<LCID>es-CL     </LCID>
		<Language>Spanish</Language>
		<NativeLanguageName_LA>DD55C0BA-7F57-42C3-A966-24A52BF68D2F</NativeLanguageName_LA>
		<Country>Chile</Country>
		<NativeCountryName_LA>55C0CA0A-A01D-4E59-AAF8-237F2635AACE</NativeCountryName_LA>
		<FlagIcon>CL.png</FlagIcon>
		<IsTranslated>0</IsTranslated>
		<Style>Styles_en-US.xaml</Style>
		<Direction>LTR</Direction>
	</Language>
	<Language>
		<GUID>7CC1C9E9-3D2D-4E43-B703-0105A85856AB</GUID>
		<LCID>en-AU     </LCID>
		<Language>English</Language>
		<NativeLanguageName_LA>A6CE13F9-7802-4D34-8E28-0673F3978466</NativeLanguageName_LA>
		<Country>Australia</Country>
		<NativeCountryName_LA>60B6E08A-1F85-4CAE-A253-735FD74AE667</NativeCountryName_LA>
		<FlagIcon>AU.png</FlagIcon>
		<IsTranslated>0</IsTranslated>
		<Style>Styles_en-US.xaml</Style>
		<Direction>LTR</Direction>
	</Language>
	<Language>
		<GUID>2BA9E742-1431-4B8C-974A-02556E80846B</GUID>
		<LCID>ur-PK     </LCID>
		<Language>Urdu</Language>
		<NativeLanguageName_LA>A10DC67D-929F-4F59-BE78-2706A929FFCB</NativeLanguageName_LA>
		<Country>Islamic Republic of Pakistan</Country>
		<NativeCountryName_LA>611A7934-D2C2-42F4-85D8-9D3A23DC75CA</NativeCountryName_LA>
		<FlagIcon>PK.png</FlagIcon>
		<IsTranslated>0</IsTranslated>
		<Style>Styles_en-US.xaml</Style>
		<Direction>LTR</Direction>
	</Language>
	<Language>
		<GUID>DAA2D053-2834-4B71-8382-03D37110335A</GUID>
		<LCID>it-IT     </LCID>
		<Language>Italian</Language>
		<NativeLanguageName_LA>6E062872-5D45-42F8-80EF-78239D4B196A</NativeLanguageName_LA>
		<Country>Italy</Country>
		<NativeCountryName_LA>13742A2B-1D72-4062-AE90-867D07F23A21</NativeCountryName_LA>
		<FlagIcon>IT.png</FlagIcon>
		<IsTranslated>0</IsTranslated>
		<Style>Styles_en-US.xaml</Style>
		<Direction>LTR</Direction>
	</Language>
	<Language>
		<GUID>C62E6F1E-D747-46EE-8A13-08EAF4C903D3</GUID>
		<LCID>ar-LB     </LCID>
		<Language>Arabic</Language>
		<NativeLanguageName_LA>F95367C9-D407-44C0-A3DA-E6F99B9D0830</NativeLanguageName_LA>
		<Country>Lebanon</Country>
		<NativeCountryName_LA>259936C5-7DB7-4AF5-96F8-A1AE8ED76611</NativeCountryName_LA>
		<FlagIcon>LB.png</FlagIcon>
		<IsTranslated>0</IsTranslated>
		<Style>Styles_en-US.xaml</Style>
		<Direction>LTR</Direction>
	</Language>
	<Language>
		<GUID>200DD906-CFAC-45EF-B654-08F546F0B44F</GUID>
		<LCID>es-CO     </LCID>
		<Language>Spanish</Language>
		<NativeLanguageName_LA>2FE170EB-3D60-46C8-BCAE-CD63215CA2CC</NativeLanguageName_LA>
		<Country>Colombia</Country>
		<NativeCountryName_LA>C1DF9D31-51A6-4ED0-B63C-BD365148808C</NativeCountryName_LA>
		<FlagIcon>CO.png</FlagIcon>
		<IsTranslated>0</IsTranslated>
		<Style>Styles_en-US.xaml</Style>
		<Direction>LTR</Direction>
	</Language>
	<Language>
		<GUID>0E8CC34C-3765-4554-9FE3-09EA6CE0B68C</GUID>
		<LCID>ro-RO     </LCID>
		<Language>Romanian</Language>
		<NativeLanguageName_LA>BEB0CEFF-5C18-43E9-AE8B-05B6015E1317</NativeLanguageName_LA>
		<Country>Romania</Country>
		<NativeCountryName_LA>9A20E3EB-C920-4BAB-8394-FEF5033E6CDB</NativeCountryName_LA>
		<FlagIcon>RO.png</FlagIcon>
		<IsTranslated>0</IsTranslated>
		<Style>Styles_en-US.xaml</Style>
		<Direction>LTR</Direction>
	</Language>
	<Language>
		<GUID>9C315893-0DE6-428E-88E5-0A00833AC8E8</GUID>
		<LCID>es-MX     </LCID>
		<Language>Spanish</Language>
		<NativeLanguageName_LA>03EC46D4-0F47-4DFC-80D4-727E2EEED6B1</NativeLanguageName_LA>
		<Country>Mexico</Country>
		<NativeCountryName_LA>49D21D1C-8803-445F-B92B-95A85414CDCB</NativeCountryName_LA>
		<FlagIcon>MX.png</FlagIcon>
		<IsTranslated>0</IsTranslated>
		<Style>Styles_en-US.xaml</Style>
		<Direction>LTR</Direction>
	</Language>
	<Language>
		<GUID>55209CBD-A3BE-448D-B0C4-10B4EBC63781</GUID>
		<LCID>zh-HK     </LCID>
		<Language>Chinese (Traditional) Legacy</Language>
		<NativeLanguageName_LA>25E08FC5-DAEE-4A79-B83D-AE0F3364155C</NativeLanguageName_LA>
		<Country>Hong Kong S.A.R.</Country>
		<NativeCountryName_LA>5EF5E11D-3469-4F8B-82C7-929BB07690B1</NativeCountryName_LA>
		<FlagIcon>HK.png</FlagIcon>
		<IsTranslated>0</IsTranslated>
		<Style>Styles_en-US.xaml</Style>
		<Direction>LTR</Direction>
	</Language>
	<Language>
		<GUID>2B3369CB-D065-4C5E-9614-10EF20E3122F</GUID>
		<LCID>ar-KW     </LCID>
		<Language>Arabic</Language>
		<NativeLanguageName_LA>4D8644A1-2D1C-40F5-9D7A-BDE83A836867</NativeLanguageName_LA>
		<Country>Kuwait</Country>
		<NativeCountryName_LA>F2051040-B9E5-4119-B241-B60F27B209A5</NativeCountryName_LA>
		<FlagIcon>KW.png</FlagIcon>
		<IsTranslated>0</IsTranslated>
		<Style>Styles_en-US.xaml</Style>
		<Direction>LTR</Direction>
	</Language>
	<Language>
		<GUID>635D5E9B-6B1D-42D1-9F6F-11E30DB7BE99</GUID>
		<LCID>lt-LT     </LCID>
		<Language>Lithuanian</Language>
		<NativeLanguageName_LA>233BE35D-322C-42F2-894B-05E0F1A96733</NativeLanguageName_LA>
		<Country>Lithuania</Country>
		<NativeCountryName_LA>93F11E79-107F-4A95-8F06-256D7AE02E28</NativeCountryName_LA>
		<FlagIcon>LT.png</FlagIcon>
		<IsTranslated>0</IsTranslated>
		<Style>Styles_en-US.xaml</Style>
		<Direction>LTR</Direction>
	</Language>
	<Language>
		<GUID>7CBF5146-4BED-4CD6-97B5-1338F1D0E5B2</GUID>
		<LCID>es-US     </LCID>
		<Language>Spanish</Language>
		<NativeLanguageName_LA>30D664D8-32F9-4EBD-BF98-D21CFFF6F360</NativeLanguageName_LA>
		<Country>USA</Country>
		<NativeCountryName_LA>88FDC268-3F6D-4192-A781-1E940F5A7FE1</NativeCountryName_LA>
		<FlagIcon>us.png</FlagIcon>
		<IsTranslated>0</IsTranslated>
		<Style>Styles_en-US.xaml</Style>
		<Direction>LTR</Direction>
	</Language>
	<Language>
		<GUID>D7484FA1-10EE-4E9D-8B99-1386A28BE24B</GUID>
		<LCID>es-GT     </LCID>
		<Language>Spanish</Language>
		<NativeLanguageName_LA>8877461E-A774-418F-A7BB-32C0F705CAB7</NativeLanguageName_LA>
		<Country>Guatemala</Country>
		<NativeCountryName_LA>943C710A-7AA0-4FF1-9B9D-51BA925AD4B1</NativeCountryName_LA>
		<FlagIcon>GT.png</FlagIcon>
		<IsTranslated>0</IsTranslated>
		<Style>Styles_en-US.xaml</Style>
		<Direction>LTR</Direction>
	</Language>
	<Language>
		<GUID>A08C19EE-51DA-4B88-84EA-1CA27113A550</GUID>
		<LCID>et-EE     </LCID>
		<Language>Estonian</Language>
		<NativeLanguageName_LA>8EA71161-E70E-49B1-9913-20709A95F3CB</NativeLanguageName_LA>
		<Country>Estonia</Country>
		<NativeCountryName_LA>FF2F4640-BF68-4843-AE60-3D6B397E6A6D</NativeCountryName_LA>
		<FlagIcon>EE.png</FlagIcon>
		<IsTranslated>0</IsTranslated>
		<Style>Styles_en-US.xaml</Style>
		<Direction>LTR</Direction>
	</Language>
	<Language>
		<GUID>43EC0E7F-B208-402C-9739-1D1B0B22CDDF</GUID>
		<LCID>ar-LY     </LCID>
		<Language>Arabic</Language>
		<NativeLanguageName_LA>279F3213-C5B8-4BF4-9D3C-9F68F37DE7A5</NativeLanguageName_LA>
		<Country>Libya</Country>
		<NativeCountryName_LA>9BA3F4BF-29CD-4543-B012-E5CDA4DB424B</NativeCountryName_LA>
		<FlagIcon>LY.png</FlagIcon>
		<IsTranslated>0</IsTranslated>
		<Style>Styles_en-US.xaml</Style>
		<Direction>LTR</Direction>
	</Language>
	<Language>
		<GUID>1594F6CD-8B8A-43A2-88EB-1EFA5F5CB949</GUID>
		<LCID>fr-MC     </LCID>
		<Language>French</Language>
		<NativeLanguageName_LA>3BF592A4-E9D5-4824-873A-66D63CE90081</NativeLanguageName_LA>
		<Country>Principality of Monaco</Country>
		<NativeCountryName_LA>8425C62B-C909-494A-8C7B-B19D74ABE5E0</NativeCountryName_LA>
		<FlagIcon>MC.png</FlagIcon>
		<IsTranslated>0</IsTranslated>
		<Style>Styles_en-US.xaml</Style>
		<Direction>LTR</Direction>
	</Language>
	<Language>
		<GUID>FA271606-0E87-4B48-A310-1F42C33F3F91</GUID>
		<LCID>fa-IR     </LCID>
		<Language>Persian</Language>
		<NativeLanguageName_LA>95DB549A-5ADC-4A9A-88D2-D7A79685CAEB</NativeLanguageName_LA>
		<Country>Iran</Country>
		<NativeCountryName_LA>8C42843A-4EFA-4C81-8E3E-C0E08F41AC02</NativeCountryName_LA>
		<FlagIcon>ir.png</FlagIcon>
		<IsTranslated>0</IsTranslated>
		<Style>Styles_en-US.xaml</Style>
		<Direction>RTL</Direction>
	</Language>
	<Language>
		<GUID>700E1F5F-B54A-4737-9681-20D84EF3B093</GUID>
		<LCID>es-AR     </LCID>
		<Language>Spanish</Language>
		<NativeLanguageName_LA>0F5495AE-018D-4DF1-A5AB-5103E5642D8B</NativeLanguageName_LA>
		<Country>Argentina</Country>
		<NativeCountryName_LA>8CBD971C-11FE-4EAE-8B56-ED069BE56684</NativeCountryName_LA>
		<FlagIcon>AR.png</FlagIcon>
		<IsTranslated>0</IsTranslated>
		<Style>Styles_en-US.xaml</Style>
		<Direction>LTR</Direction>
	</Language>
	<Language>
		<GUID>E8F711E9-C83C-4DFB-B3A7-20E0061674C1</GUID>
		<LCID>sr-RS     </LCID>
		<Language>Serbian</Language>
		<NativeLanguageName_LA>14AF7DC2-593C-4922-B561-47D90A99DA32</NativeLanguageName_LA>
		<Country>Serbia</Country>
		<NativeCountryName_LA>51CA2207-6571-4850-8D20-895D10ECD417</NativeCountryName_LA>
		<FlagIcon>RS.png</FlagIcon>
		<IsTranslated>0</IsTranslated>
		<Style>Styles_en-US.xaml</Style>
		<Direction>LTR</Direction>
	</Language>
	<Language>
		<GUID>EB588A54-CEF8-45E3-BE14-2137E8BE8E82</GUID>
		<LCID>bg-BG     </LCID>
		<Language>Bulgarian</Language>
		<NativeLanguageName_LA>7919FC17-0C1B-44B9-9904-5BAA474CAC95</NativeLanguageName_LA>
		<Country>Bulgaria</Country>
		<NativeCountryName_LA>169A7FDC-F546-4951-9BE8-A2D03F9C325A</NativeCountryName_LA>
		<FlagIcon>BG.png</FlagIcon>
		<IsTranslated>0</IsTranslated>
		<Style>Styles_en-US.xaml</Style>
		<Direction>LTR</Direction>
	</Language>
	<Language>
		<GUID>C5FB4FEF-5CD5-477F-87D9-22AEF17E7310</GUID>
		<LCID>el-GR     </LCID>
		<Language>Greek</Language>
		<NativeLanguageName_LA>469D6565-65FB-4157-B023-239A79151AF9</NativeLanguageName_LA>
		<Country>Greece</Country>
		<NativeCountryName_LA>3BF5787F-A051-465A-BC40-8DA8602C6B33</NativeCountryName_LA>
		<FlagIcon>GR.png</FlagIcon>
		<IsTranslated>0</IsTranslated>
		<Style>Styles_en-US.xaml</Style>
		<Direction>LTR</Direction>
	</Language>
	<Language>
		<GUID>948B60B0-23E3-4FF2-B413-25F3DEEB54BE</GUID>
		<LCID>fil-PH    </LCID>
		<Language>Tagalog</Language>
		<NativeLanguageName_LA>281EB939-F5B3-42B9-97E2-437389AB4272</NativeLanguageName_LA>
		<Country>Philippines</Country>
		<NativeCountryName_LA>A2344105-786B-4F47-9606-0F20EF39C890</NativeCountryName_LA>
		<FlagIcon>PH.png</FlagIcon>
		<IsTranslated>0</IsTranslated>
		<Style>Styles_en-US.xaml</Style>
		<Direction>LTR</Direction>
	</Language>
	<Language>
		<GUID>1C1927F3-6A78-4210-9DC9-264BD69DF4BF</GUID>
		<LCID>yo-NG     </LCID>
		<Language>Yoruba</Language>
		<NativeLanguageName_LA>E619E879-23EF-4768-8DC1-89D78F5DA714</NativeLanguageName_LA>
		<Country>Nigeria</Country>
		<NativeCountryName_LA>AD135D69-6977-4EBF-A2C3-56E0CF3CCC3A</NativeCountryName_LA>
		<FlagIcon>NG.png</FlagIcon>
		<IsTranslated>0</IsTranslated>
		<Style>Styles_en-US.xaml</Style>
		<Direction>LTR</Direction>
	</Language>
	<Language>
		<GUID>CBFCF5A9-B124-4CB3-8184-275BC708EAC6</GUID>
		<LCID>en-SG     </LCID>
		<Language>English</Language>
		<NativeLanguageName_LA>1E0772F9-7C13-4153-8DEE-B07C3F1CDEC3</NativeLanguageName_LA>
		<Country>Singapore</Country>
		<NativeCountryName_LA>FCB54820-757C-4370-B0CD-42194471C358</NativeCountryName_LA>
		<FlagIcon>sg.png</FlagIcon>
		<IsTranslated>0</IsTranslated>
		<Style>Styles_en-US.xaml</Style>
		<Direction>LTR</Direction>
	</Language>
	<Language>
		<GUID>1DE83AC6-A498-4656-805A-27DC98FC2427</GUID>
		<LCID>nl-BE     </LCID>
		<Language>Dutch</Language>
		<NativeLanguageName_LA>0EF87299-5B7F-4FA9-9262-0D6BC5B23CE7</NativeLanguageName_LA>
		<Country>Belgium</Country>
		<NativeCountryName_LA>AFC8C881-2817-4F77-8595-5915CE88574A</NativeCountryName_LA>
		<FlagIcon>BE.png</FlagIcon>
		<IsTranslated>0</IsTranslated>
		<Style>Styles_en-US.xaml</Style>
		<Direction>LTR</Direction>
	</Language>
	<Language>
		<GUID>778F2484-572C-409E-A0AA-27E176E2691B</GUID>
		<LCID>hi-IN     </LCID>
		<Language>Hindi</Language>
		<NativeLanguageName_LA>90B87DF1-E7FF-477A-ADD2-3AC734713D97</NativeLanguageName_LA>
		<Country>India</Country>
		<NativeCountryName_LA>E2FE1627-00F5-44AE-AD09-3438EB3DFA66</NativeCountryName_LA>
		<FlagIcon>in.png</FlagIcon>
		<IsTranslated>0</IsTranslated>
		<Style>Styles_en-US.xaml</Style>
		<Direction>LTR</Direction>
	</Language>
	<Language>
		<GUID>78BDD7FE-19AD-4EE1-9649-2AB8497109BE</GUID>
		<LCID>ka-GE     </LCID>
		<Language>Georgian</Language>
		<NativeLanguageName_LA>2E3D5FCA-8DE4-415B-8449-BA94A1316186</NativeLanguageName_LA>
		<Country>Georgian</Country>
		<NativeCountryName_LA>2E3D5FCA-8DE4-415B-8449-BA94A1316186</NativeCountryName_LA>
		<FlagIcon>GE.png</FlagIcon>
		<IsTranslated>0</IsTranslated>
		<Style>Styles_en-US.xaml</Style>
		<Direction>LTR</Direction>
	</Language>
	<Language>
		<GUID>C4024418-9077-4F3B-927F-2B87D44BDA21</GUID>
		<LCID>wo-SN     </LCID>
		<Language>French</Language>
		<NativeLanguageName_LA>A54A6A11-3C9A-40D3-8078-87B1D07CFB99</NativeLanguageName_LA>
		<Country>Senegal</Country>
		<NativeCountryName_LA>03761590-1854-4916-8A74-C1A5F070248F</NativeCountryName_LA>
		<FlagIcon>SN.png</FlagIcon>
		<IsTranslated>0</IsTranslated>
		<Style>Styles_en-US.xaml</Style>
		<Direction>LTR</Direction>
	</Language>
	<Language>
		<GUID>B400C477-8D13-46D7-8155-2BF83DFC3678</GUID>
		<LCID>mn-MN     </LCID>
		<Language>Mongolian</Language>
		<NativeLanguageName_LA>C334F4E7-F3EF-42C9-8413-FBE873C87C3D</NativeLanguageName_LA>
		<Country>Mongolia</Country>
		<NativeCountryName_LA>CA3940B1-8359-422D-9E78-443C7E888A10</NativeCountryName_LA>
		<FlagIcon>MN.png</FlagIcon>
		<IsTranslated>0</IsTranslated>
		<Style>Styles_en-US.xaml</Style>
		<Direction>LTR</Direction>
	</Language>
	<Language>
		<GUID>A3DAD0E6-F1A1-44A9-BF80-2E553ADC68C8</GUID>
		<LCID>lb-LU     </LCID>
		<Language>Luxembourgish</Language>
		<NativeLanguageName_LA>F6A12B5A-77FA-432E-B2D3-519707110583</NativeLanguageName_LA>
		<Country>Luxembourg</Country>
		<NativeCountryName_LA>3B2D06C6-794E-496E-BBA3-FCECA08CDE72</NativeCountryName_LA>
		<FlagIcon>LU.png</FlagIcon>
		<IsTranslated>0</IsTranslated>
		<Style>Styles_en-US.xaml</Style>
		<Direction>LTR</Direction>
	</Language>
	<Language>
		<GUID>C240BB13-997D-4F93-9D35-3019CE7ADDA4</GUID>
		<LCID>en-CA     </LCID>
		<Language>English</Language>
		<NativeLanguageName_LA>A195863D-F729-47AF-BB6A-2904E2F85018</NativeLanguageName_LA>
		<Country>Canada</Country>
		<NativeCountryName_LA>6D587387-9D70-4C33-8163-C754DE17DBC7</NativeCountryName_LA>
		<FlagIcon>CA.png</FlagIcon>
		<IsTranslated>0</IsTranslated>
		<Style>Styles_en-US.xaml</Style>
		<Direction>LTR</Direction>
	</Language>
	<Language>
		<GUID>D064BE18-E0EF-43EE-9D91-30C02FCD5FF3</GUID>
		<LCID>pt-BR     </LCID>
		<Language>Portuguese</Language>
		<NativeLanguageName_LA>65AA0929-B398-4386-ABA7-12E1B0443B03</NativeLanguageName_LA>
		<Country>Brazil</Country>
		<NativeCountryName_LA>39A67CB7-660B-4F91-BD6F-7DA6C44C4A28</NativeCountryName_LA>
		<FlagIcon>BR.png</FlagIcon>
		<IsTranslated>0</IsTranslated>
		<Style>Styles_en-US.xaml</Style>
		<Direction>LTR</Direction>
	</Language>
	<Language>
		<GUID>7BD0E8DE-2284-4E0F-AD03-379AC1A9CF50</GUID>
		<LCID>uk-UA     </LCID>
		<Language>Ukrainian</Language>
		<NativeLanguageName_LA>102EB0CB-E9DD-43CC-B3E0-0611B6397422</NativeLanguageName_LA>
		<Country>Ukraine</Country>
		<NativeCountryName_LA>7F28EF21-10D1-4888-BF74-41D23003A15F</NativeCountryName_LA>
		<FlagIcon>UA.png</FlagIcon>
		<IsTranslated>0</IsTranslated>
		<Style>Styles_en-US.xaml</Style>
		<Direction>LTR</Direction>
	</Language>
	<Language>
		<GUID>50457DF7-2AA7-42B6-BFCD-3C2D9507492D</GUID>
		<LCID>it-CH     </LCID>
		<Language>Italian</Language>
		<NativeLanguageName_LA>9C2A7390-81C7-41D0-82E6-0401A520C5A4</NativeLanguageName_LA>
		<Country>Switzerland</Country>
		<NativeCountryName_LA>5DCE271B-3771-4ECF-85C6-22932B9AABFB</NativeCountryName_LA>
		<FlagIcon>CH.png</FlagIcon>
		<IsTranslated>0</IsTranslated>
		<Style>Styles_en-US.xaml</Style>
		<Direction>LTR</Direction>
	</Language>
	<Language>
		<GUID>8DE152C5-C6D5-40B3-B389-425F0489F07E</GUID>
		<LCID>es-PR     </LCID>
		<Language>Spanish</Language>
		<NativeLanguageName_LA>6431E9A5-0CE7-42A9-95E9-DE1E05C8D4CC</NativeLanguageName_LA>
		<Country>Puerto Rico</Country>
		<NativeCountryName_LA>27710B81-7027-4AE6-BAB2-20C2B517FA9D</NativeCountryName_LA>
		<FlagIcon>PR.png</FlagIcon>
		<IsTranslated>0</IsTranslated>
		<Style>Styles_en-US.xaml</Style>
		<Direction>LTR</Direction>
	</Language>
	<Language>
		<GUID>3FCEF23A-F308-4F2D-842A-428EF76550FF</GUID>
		<LCID>sv-SE     </LCID>
		<Language>Swedish</Language>
		<NativeLanguageName_LA>6910E317-B8BE-4FEB-BF56-8935DC65E343</NativeLanguageName_LA>
		<Country>Sweden</Country>
		<NativeCountryName_LA>F918DE7F-3685-4D88-87F7-6451D799709A</NativeCountryName_LA>
		<FlagIcon>SE.png</FlagIcon>
		<IsTranslated>0</IsTranslated>
		<Style>Styles_en-US.xaml</Style>
		<Direction>LTR</Direction>
	</Language>
	<Language>
		<GUID>6CBDA90E-DDF7-4F9B-AA98-42A2F102C630</GUID>
		<LCID>th-TH     </LCID>
		<Language>Thai</Language>
		<NativeLanguageName_LA>47100274-05A9-4B54-807C-2586D22DC0AC</NativeLanguageName_LA>
		<Country>Thailand</Country>
		<NativeCountryName_LA>7E31ADD7-D6DC-404D-A2CB-AB8BC4180C75</NativeCountryName_LA>
		<FlagIcon>TH.png</FlagIcon>
		<IsTranslated>0</IsTranslated>
		<Style>Styles_en-US.xaml</Style>
		<Direction>LTR</Direction>
	</Language>
	<Language>
		<GUID>7FF52014-EFA6-4AE9-B9AE-44B3C10F2351</GUID>
		<LCID>sk-SK     </LCID>
		<Language>Slovak</Language>
		<NativeLanguageName_LA>BBC2BF55-1B56-4224-9F6C-DC04EA6853E1</NativeLanguageName_LA>
		<Country>Slovakia</Country>
		<NativeCountryName_LA>145C4CED-4D39-4FDC-B6AB-46C936DBA6CE</NativeCountryName_LA>
		<FlagIcon>SK.png</FlagIcon>
		<IsTranslated>0</IsTranslated>
		<Style>Styles_en-US.xaml</Style>
		<Direction>LTR</Direction>
	</Language>
	<Language>
		<GUID>CFA7C459-D43F-4496-AE3B-459AD644F33E</GUID>
		<LCID>ar-SY     </LCID>
		<Language>Arabic</Language>
		<NativeLanguageName_LA>0C96C8F8-68C7-451F-BD3C-4AD5D8789597</NativeLanguageName_LA>
		<Country>Syria</Country>
		<NativeCountryName_LA>6565378B-1E86-436F-972A-1CFC5A16CFAC</NativeCountryName_LA>
		<FlagIcon>SY.png</FlagIcon>
		<IsTranslated>0</IsTranslated>
		<Style>Styles_en-US.xaml</Style>
		<Direction>LTR</Direction>
	</Language>
	<Language>
		<GUID>C17EEE68-5C0F-4731-84C1-45C654C2D317</GUID>
		<LCID>mt-MT     </LCID>
		<Language>Maltese</Language>
		<NativeLanguageName_LA>F528C38F-132C-4B86-98CA-DECEF82F5821</NativeLanguageName_LA>
		<Country>Malta</Country>
		<NativeCountryName_LA>F6D6EFD1-E8A0-4829-9A16-EA1EDDBBFC04</NativeCountryName_LA>
		<FlagIcon>MT.png</FlagIcon>
		<IsTranslated>0</IsTranslated>
		<Style>Styles_en-US.xaml</Style>
		<Direction>LTR</Direction>
	</Language>
	<Language>
		<GUID>0C6E2AF5-66C3-40DA-B077-4702AEE9E12B</GUID>
		<LCID>ar-MA     </LCID>
		<Language>Arabic</Language>
		<NativeLanguageName_LA>6647B2D2-013A-4196-AFC6-21E58B3C0348</NativeLanguageName_LA>
		<Country>Morocco</Country>
		<NativeCountryName_LA>19CEC730-7734-4A07-89A8-990F9E6F5BC8</NativeCountryName_LA>
		<FlagIcon>MA.png</FlagIcon>
		<IsTranslated>0</IsTranslated>
		<Style>Styles_en-US.xaml</Style>
		<Direction>LTR</Direction>
	</Language>
	<Language>
		<GUID>D1ED33D5-B83D-4B62-8D13-487B97002FBE</GUID>
		<LCID>es-SV     </LCID>
		<Language>Spanish</Language>
		<NativeLanguageName_LA>93B18BEB-5064-45DE-BFF2-C3AB796D1B6D</NativeLanguageName_LA>
		<Country>El Salvador</Country>
		<NativeCountryName_LA>EBEA569E-5173-4A25-B357-D8A2265CC959</NativeCountryName_LA>
		<FlagIcon>SV.png</FlagIcon>
		<IsTranslated>0</IsTranslated>
		<Style>Styles_en-US.xaml</Style>
		<Direction>LTR</Direction>
	</Language>
	<Language>
		<GUID>2E407C5E-E179-4F3C-8B43-48D573292723</GUID>
		<LCID>ar-DZ     </LCID>
		<Language>Arabic</Language>
		<NativeLanguageName_LA>8BC7D551-7D89-4D54-847D-EF98BE9E12BA</NativeLanguageName_LA>
		<Country>Algeria</Country>
		<NativeCountryName_LA>10BF43EA-32B0-4158-ABBE-65EBC1D79061</NativeCountryName_LA>
		<FlagIcon>DZ.png</FlagIcon>
		<IsTranslated>0</IsTranslated>
		<Style>Styles_en-US.xaml</Style>
		<Direction>RTL</Direction>
	</Language>
	<Language>
		<GUID>FA1C96B5-5BB5-414A-98D0-49FC3E63E9FE</GUID>
		<LCID>hr-BA     </LCID>
		<Language>Croatian</Language>
		<NativeLanguageName_LA>3EEB0F8C-DDE8-4213-AEED-7F84C8C03CE0</NativeLanguageName_LA>
		<Country>Bosnia and Herzegovina</Country>
		<NativeCountryName_LA>C633193D-2A73-4771-9300-EEB5929DB574</NativeCountryName_LA>
		<FlagIcon>BA.png</FlagIcon>
		<IsTranslated>0</IsTranslated>
		<Style>Styles_en-US.xaml</Style>
		<Direction>LTR</Direction>
	</Language>
	<Language>
		<GUID>F104584C-0D7D-40AD-811E-4B0C9EA76FE9</GUID>
		<LCID>es-HN     </LCID>
		<Language>Spanish</Language>
		<NativeLanguageName_LA>F2A60A50-8783-4865-8C24-F15EE7A0D2B6</NativeLanguageName_LA>
		<Country>Honduras</Country>
		<NativeCountryName_LA>95874C7D-2624-4F9B-9219-A4A2345370B5</NativeCountryName_LA>
		<FlagIcon>HN.png</FlagIcon>
		<IsTranslated>0</IsTranslated>
		<Style>Styles_en-US.xaml</Style>
		<Direction>LTR</Direction>
	</Language>
	<Language>
		<GUID>CEE2675B-ACF4-42A9-8AD0-4BF0D923C3B3</GUID>
		<LCID>ar-IQ     </LCID>
		<Language>Arabic</Language>
		<NativeLanguageName_LA>86BFB656-2D7F-4976-A45A-D75D8D2333C2</NativeLanguageName_LA>
		<Country>Iraq</Country>
		<NativeCountryName_LA>A0F271DD-4621-4E09-818A-4844CA550FFA</NativeCountryName_LA>
		<FlagIcon>IQ.png</FlagIcon>
		<IsTranslated>0</IsTranslated>
		<Style>Styles_en-US.xaml</Style>
		<Direction>LTR</Direction>
	</Language>
	<Language>
		<GUID>17DE1DDE-A85D-481A-9AD6-4C54ADEFFCC7</GUID>
		<LCID>prs-AF    </LCID>
		<Language>Persian</Language>
		<NativeLanguageName_LA>2D9F23EF-BDDB-474E-A335-6345ED858CF9</NativeLanguageName_LA>
		<Country>Afghanistan</Country>
		<NativeCountryName_LA>824B216E-C257-474A-B2AA-9B63457A1B3E</NativeCountryName_LA>
		<FlagIcon>af.png</FlagIcon>
		<IsTranslated>0</IsTranslated>
		<Style>Styles_en-US.xaml</Style>
		<Direction>RTL</Direction>
	</Language>
	<Language>
		<GUID>32939F15-BB3E-47B9-B5B1-4E40D7BA4630</GUID>
		<LCID>ky-KG     </LCID>
		<Language>Kyrgyz</Language>
		<NativeLanguageName_LA>2D12C53C-8735-4639-A3D2-F101953E71E6</NativeLanguageName_LA>
		<Country>Kyrgyzstan</Country>
		<NativeCountryName_LA>C35D9DE0-826F-4272-BD53-1332D892BB83</NativeCountryName_LA>
		<FlagIcon>KG.png</FlagIcon>
		<IsTranslated>0</IsTranslated>
		<Style>Styles_en-US.xaml</Style>
		<Direction>LTR</Direction>
	</Language>
	<Language>
		<GUID>878EAB7F-A65D-4347-8ADB-51217AA2CC14</GUID>
		<LCID>en-PH     </LCID>
		<Language>English</Language>
		<NativeLanguageName_LA>7D97E6BC-E8C6-4D41-99C6-EF8A3F831D23</NativeLanguageName_LA>
		<Country>Republic of the Philippines</Country>
		<NativeCountryName_LA>02E11366-E20C-4807-B959-CB34D3059EC5</NativeCountryName_LA>
		<FlagIcon>PH.png</FlagIcon>
		<IsTranslated>0</IsTranslated>
		<Style>Styles_en-US.xaml</Style>
		<Direction>LTR</Direction>
	</Language>
	<Language>
		<GUID>8C6ECA16-9865-47C1-A55C-5261696F7B8D</GUID>
		<LCID>ru-RU     </LCID>
		<Language>Russian</Language>
		<NativeLanguageName_LA>0EE91F01-6FD2-4DE8-B096-9CD4349B6BE2</NativeLanguageName_LA>
		<Country>Russia</Country>
		<NativeCountryName_LA>14D30D1B-D235-4F3D-BCFE-1707B6F308FD</NativeCountryName_LA>
		<FlagIcon>RU.png</FlagIcon>
		<IsTranslated>0</IsTranslated>
		<Style>Styles_en-US.xaml</Style>
		<Direction>LTR</Direction>
	</Language>
	<Language>
		<GUID>6791C90A-8F5F-4017-8C11-5271DAE46553</GUID>
		<LCID>bn-BD     </LCID>
		<Language>Bengali</Language>
		<NativeLanguageName_LA>36D77351-A0C8-4FB1-9965-8E33840EB272</NativeLanguageName_LA>
		<Country>Bangladesh</Country>
		<NativeCountryName_LA>D61200E7-0872-4B07-BCE9-8F86C38E2F25</NativeCountryName_LA>
		<FlagIcon>BD.png</FlagIcon>
		<IsTranslated>0</IsTranslated>
		<Style>Styles_en-US.xaml</Style>
		<Direction>RTL</Direction>
	</Language>
	<Language>
		<GUID>D1014621-23DC-4CEE-82C0-533F92340DBA</GUID>
		<LCID>te-IN     </LCID>
		<Language>Telegu</Language>
		<NativeLanguageName_LA>34294ADD-533C-4BBE-9474-95FB0CB7AFA2</NativeLanguageName_LA>
		<Country>India</Country>
		<NativeCountryName_LA>732256BB-661B-4256-ACED-AC76596FEE06</NativeCountryName_LA>
		<FlagIcon>in.png</FlagIcon>
		<IsTranslated>0</IsTranslated>
		<Style>Styles_en-US.xaml</Style>
		<Direction>LTR</Direction>
	</Language>
	<Language>
		<GUID>54A3E9B9-78B4-43F4-893F-55758C950C55</GUID>
		<LCID>mr-IN     </LCID>
		<Language>Marathi</Language>
		<NativeLanguageName_LA>75B72E2C-B448-44A4-9677-A05B75E210A5</NativeLanguageName_LA>
		<Country>India</Country>
		<NativeCountryName_LA>2E0E8EFB-688E-45D9-86B1-2BBC13013D96</NativeCountryName_LA>
		<FlagIcon>IN.png</FlagIcon>
		<IsTranslated>0</IsTranslated>
		<Style>Styles_en-US.xaml</Style>
		<Direction>LTR</Direction>
	</Language>
	<Language>
		<GUID>294C2F6D-A8A1-492A-BAD8-5794E6D77454</GUID>
		<LCID>es-ES     </LCID>
		<Language>Spanish</Language>
		<NativeLanguageName_LA>644E5526-42C1-41D0-BB5D-07C2B32F9FA3</NativeLanguageName_LA>
		<Country>Spain</Country>
		<NativeCountryName_LA>53A5AFA1-54C6-4290-9B69-5EFBA2E9853A</NativeCountryName_LA>
		<FlagIcon>ES.png</FlagIcon>
		<IsTranslated>0</IsTranslated>
		<Style>Styles_en-US.xaml</Style>
		<Direction>LTR</Direction>
	</Language>
	<Language>
		<GUID>E09FB79B-AEAE-418E-AB07-591E25F2F065</GUID>
		<LCID>en-ZA     </LCID>
		<Language>English</Language>
		<NativeLanguageName_LA>33D18A44-42E1-4D99-BFCB-9D5A38517571</NativeLanguageName_LA>
		<Country>South Africa</Country>
		<NativeCountryName_LA>4A236D77-D622-4619-8A68-FCC1F2CCD1E3</NativeCountryName_LA>
		<FlagIcon>ZA.png</FlagIcon>
		<IsTranslated>0</IsTranslated>
		<Style>Styles_en-US.xaml</Style>
		<Direction>LTR</Direction>
	</Language>
	<Language>
		<GUID>EA23443A-2523-4C8A-B0A4-5D60990CC7BE</GUID>
		<LCID>ja-JP     </LCID>
		<Language>Japanese</Language>
		<NativeLanguageName_LA>CFFA1C00-4463-4BEA-BA3D-3482F719BBF0</NativeLanguageName_LA>
		<Country>Japan</Country>
		<NativeCountryName_LA>7D0B00AF-4F9B-4129-928F-1E101A2D66A7</NativeCountryName_LA>
		<FlagIcon>JP.png</FlagIcon>
		<IsTranslated>0</IsTranslated>
		<Style>Styles_en-US.xaml</Style>
		<Direction>LTR</Direction>
	</Language>
	<Language>
		<GUID>CBDFBA44-F9CC-4A1B-A214-5FFFDB715D89</GUID>
		<LCID>be-BY     </LCID>
		<Language>Belarusian</Language>
		<NativeLanguageName_LA>356ABFC4-B4E3-4660-AADE-89A9C7D99864</NativeLanguageName_LA>
		<Country>Belarus</Country>
		<NativeCountryName_LA>46A20B28-56EA-49E8-8840-8D817D369F3E</NativeCountryName_LA>
		<FlagIcon>BY.png</FlagIcon>
		<IsTranslated>0</IsTranslated>
		<Style>Styles_en-US.xaml</Style>
		<Direction>LTR</Direction>
	</Language>
	<Language>
		<GUID>80AE6209-0D5D-4550-9052-60996FCA007F</GUID>
		<LCID>nl-NL     </LCID>
		<Language>Dutch</Language>
		<NativeLanguageName_LA>7DB7E991-0AD5-453C-B591-D389B75E7E7C</NativeLanguageName_LA>
		<Country>Netherlands</Country>
		<NativeCountryName_LA>3429C19C-8857-4031-BA3B-D16B98DC67D1</NativeCountryName_LA>
		<FlagIcon>NL.png</FlagIcon>
		<IsTranslated>0</IsTranslated>
		<Style>Styles_en-US.xaml</Style>
		<Direction>LTR</Direction>
	</Language>
	<Language>
		<GUID>012C1D78-ADB8-461B-8BED-64BEDA57A6C7</GUID>
		<LCID>de-CH     </LCID>
		<Language>German</Language>
		<NativeLanguageName_LA>A8A4E775-B3BB-417D-B491-7721579BFB25</NativeLanguageName_LA>
		<Country>Switzerland</Country>
		<NativeCountryName_LA>8D5A3D0C-68E1-4608-814F-5AB505F4DB86</NativeCountryName_LA>
		<FlagIcon>CH.png</FlagIcon>
		<IsTranslated>0</IsTranslated>
		<Style>Styles_en-US.xaml</Style>
		<Direction>LTR</Direction>
	</Language>
	<Language>
		<GUID>CB479BE4-10C5-4D8B-92C4-6520B171DBC6</GUID>
		<LCID>ne-NP     </LCID>
		<Language>Nepali</Language>
		<NativeLanguageName_LA>8880FDF9-EB37-43CC-AA1A-E06BC560BB91</NativeLanguageName_LA>
		<Country>Nepal</Country>
		<NativeCountryName_LA>F2A11D28-CE37-48FA-A190-1AC12B16F057</NativeCountryName_LA>
		<FlagIcon>NP.png</FlagIcon>
		<IsTranslated>0</IsTranslated>
		<Style>Styles_en-US.xaml</Style>
		<Direction>LTR</Direction>
	</Language>
	<Language>
		<GUID>C329CCFA-D3A2-4A8C-8209-65795A483461</GUID>
		<LCID>hi-SG     </LCID>
		<Language>Hindi</Language>
		<NativeLanguageName_LA>CB1FBE6B-D3FA-420E-B2B9-F4DAE03617D7</NativeLanguageName_LA>
		<Country>Singapore</Country>
		<NativeCountryName_LA>FB5D8E36-B4F6-492F-9BE6-F7BCF021E263</NativeCountryName_LA>
		<FlagIcon>sg.png</FlagIcon>
		<IsTranslated>0</IsTranslated>
		<Style>Styles_en-US.xaml</Style>
		<Direction>LTR</Direction>
	</Language>
	<Language>
		<GUID>0DA15554-6B96-4392-AC4B-69876123578B</GUID>
		<LCID>hy-AM     </LCID>
		<Language>Armenian</Language>
		<NativeLanguageName_LA>3DB72142-C5E0-4EE2-9974-3F8A39D88463</NativeLanguageName_LA>
		<Country>Armenia</Country>
		<NativeCountryName_LA>20236991-ECEC-4823-A1E4-5042F8BF3AF6</NativeCountryName_LA>
		<FlagIcon>AM.png</FlagIcon>
		<IsTranslated>0</IsTranslated>
		<Style>Styles_en-US.xaml</Style>
		<Direction>LTR</Direction>
	</Language>
	<Language>
		<GUID>7F41F5F6-8716-4704-9DC6-6C7EE7D45047</GUID>
		<LCID>he-IL     </LCID>
		<Language>Hebrew</Language>
		<NativeLanguageName_LA>783B5836-A2BC-4D75-B565-1131D0723C88</NativeLanguageName_LA>
		<Country>Israel</Country>
		<NativeCountryName_LA>D4C231C0-1568-4626-A919-4FE6C2C45282</NativeCountryName_LA>
		<FlagIcon>IL.png</FlagIcon>
		<IsTranslated>0</IsTranslated>
		<Style>Styles_en-US.xaml</Style>
		<Direction>LTR</Direction>
	</Language>
	<Language>
		<GUID>C72F881C-F9BC-4654-95D0-6CE61D70A4D8</GUID>
		<LCID>uz-UZ     </LCID>
		<Language>Uzbek</Language>
		<NativeLanguageName_LA>7E12A514-C815-4776-8643-EC2B41FA58CD</NativeLanguageName_LA>
		<Country>Uzbekistan</Country>
		<NativeCountryName_LA>FBFF95FB-FA4C-45BF-939B-E1ABB05762BB</NativeCountryName_LA>
		<FlagIcon>UZ.png</FlagIcon>
		<IsTranslated>0</IsTranslated>
		<Style>Styles_en-US.xaml</Style>
		<Direction>LTR</Direction>
	</Language>
	<Language>
		<GUID>39EE8C35-8BCD-4A7F-ADD1-6DBDD9714FA5</GUID>
		<LCID>ar-OM     </LCID>
		<Language>Arabic</Language>
		<NativeLanguageName_LA>FCDFFCD7-6F74-4974-8237-507784EF7ED8</NativeLanguageName_LA>
		<Country>Oman</Country>
		<NativeCountryName_LA>7D78421E-8C5E-4D76-A310-338554B176DB</NativeCountryName_LA>
		<FlagIcon>OM.png</FlagIcon>
		<IsTranslated>0</IsTranslated>
		<Style>Styles_en-US.xaml</Style>
		<Direction>LTR</Direction>
	</Language>
	<Language>
		<GUID>27C335AD-5B4C-443C-BF51-6FFE78641D98</GUID>
		<LCID>ko-KR     </LCID>
		<Language>Korean</Language>
		<NativeLanguageName_LA>79DD3C21-B324-4B4A-9E90-2CE119F344EC</NativeLanguageName_LA>
		<Country>Korea</Country>
		<NativeCountryName_LA>9C5E4EAE-0D91-4B0F-AC42-72CD7898AF42</NativeCountryName_LA>
		<FlagIcon>KR.png</FlagIcon>
		<IsTranslated>0</IsTranslated>
		<Style>Styles_en-US.xaml</Style>
		<Direction>LTR</Direction>
	</Language>
	<Language>
		<GUID>6194E0EA-BF98-46F7-9F71-70A6235337F8</GUID>
		<LCID>de-LU     </LCID>
		<Language>German</Language>
		<NativeLanguageName_LA>D56DE5A9-226B-42DB-AC4B-256E65882B14</NativeLanguageName_LA>
		<Country>Luxembourg</Country>
		<NativeCountryName_LA>E7B0A4EA-7D63-4434-8119-1243BAF9CBE4</NativeCountryName_LA>
		<FlagIcon>LU.png</FlagIcon>
		<IsTranslated>0</IsTranslated>
		<Style>Styles_en-US.xaml</Style>
		<Direction>LTR</Direction>
	</Language>
	<Language>
		<GUID>67149A17-81A9-4549-859B-736851FB4D59</GUID>
		<LCID>en-US     </LCID>
		<Language>English</Language>
		<NativeLanguageName_LA>4E2C6BAB-B815-4BE5-81C7-2AB675788DD8</NativeLanguageName_LA>
		<Country>USA</Country>
		<NativeCountryName_LA>29535181-1D15-4342-8D38-4768123FD88B</NativeCountryName_LA>
		<FlagIcon>us.png</FlagIcon>
		<IsTranslated>1</IsTranslated>
		<Style>Styles_en-US.xaml</Style>
		<Direction>LTR</Direction>
	</Language>
	<Language>
		<GUID>96431021-3597-4B16-BA19-746E2E11930A</GUID>
		<LCID>es-BO     </LCID>
		<Language>Spanish</Language>
		<NativeLanguageName_LA>1C63D1A0-FC6D-4A3C-B9E9-5C7259A63769</NativeLanguageName_LA>
		<Country>Bolivia</Country>
		<NativeCountryName_LA>FCC73907-31B1-4231-86AD-9E0AE590493D</NativeCountryName_LA>
		<FlagIcon>BO.png</FlagIcon>
		<IsTranslated>0</IsTranslated>
		<Style>Styles_en-US.xaml</Style>
		<Direction>LTR</Direction>
	</Language>
	<Language>
		<GUID>4079CF25-A4F6-45BC-9867-77CCA6B4B9BA</GUID>
		<LCID>vi-VN     </LCID>
		<Language>Vietnamese</Language>
		<NativeLanguageName_LA>02CD6BE9-3303-4920-B9EF-F54F26E78ABA</NativeLanguageName_LA>
		<Country>Vietnam</Country>
		<NativeCountryName_LA>08725787-6672-4134-A88D-2A430F3B573D</NativeCountryName_LA>
		<FlagIcon>VN.png</FlagIcon>
		<IsTranslated>0</IsTranslated>
		<Style>Styles_en-US.xaml</Style>
		<Direction>LTR</Direction>
	</Language>
	<Language>
		<GUID>A3B1C840-689D-4507-968D-786511DAA7B7</GUID>
		<LCID>en-NZ     </LCID>
		<Language>English</Language>
		<NativeLanguageName_LA>6E1F8EC5-60D0-4DE9-9B86-A08D5C22B02E</NativeLanguageName_LA>
		<Country>New Zealand</Country>
		<NativeCountryName_LA>783221C8-2E7A-42A1-A123-218E177E3CFD</NativeCountryName_LA>
		<FlagIcon>NZ.png</FlagIcon>
		<IsTranslated>0</IsTranslated>
		<Style>Styles_en-US.xaml</Style>
		<Direction>LTR</Direction>
	</Language>
	<Language>
		<GUID>B6672922-07A9-423B-B3C5-791ADD1D03CF</GUID>
		<LCID>es-PE     </LCID>
		<Language>Spanish</Language>
		<NativeLanguageName_LA>385CDE8F-04CB-4A32-930C-C9F87CBE79FB</NativeLanguageName_LA>
		<Country>Peru</Country>
		<NativeCountryName_LA>22A77A73-FED2-4CDA-BC79-35F02EFB9329</NativeCountryName_LA>
		<FlagIcon>PE.png</FlagIcon>
		<IsTranslated>0</IsTranslated>
		<Style>Styles_en-US.xaml</Style>
		<Direction>LTR</Direction>
	</Language>
	<Language>
		<GUID>F6E66A96-E77A-42BD-9154-7C7FEB1DA0E0</GUID>
		<LCID>as-IN     </LCID>
		<Language>Assamese</Language>
		<NativeLanguageName_LA>AFD03FD8-D1A4-4DBD-A770-53611A14B821</NativeLanguageName_LA>
		<Country>India</Country>
		<NativeCountryName_LA>E63F9399-7B25-46E9-B2CB-9D6D69D53CF6</NativeCountryName_LA>
		<FlagIcon>IN.png</FlagIcon>
		<IsTranslated>0</IsTranslated>
		<Style>Styles_en-US.xaml</Style>
		<Direction>LTR</Direction>
	</Language>
	<Language>
		<GUID>4BE27FE8-D6A7-4C37-BB80-7CFCB2516B7A</GUID>
		<LCID>tr-TR     </LCID>
		<Language>Turkish</Language>
		<NativeLanguageName_LA>2C0CE146-3BEC-4AF3-82A4-CED31253357E</NativeLanguageName_LA>
		<Country>Turkey</Country>
		<NativeCountryName_LA>CC181550-FB11-4609-A2D0-4FB679A1E878</NativeCountryName_LA>
		<FlagIcon>TR.png</FlagIcon>
		<IsTranslated>0</IsTranslated>
		<Style>Styles_en-US.xaml</Style>
		<Direction>LTR</Direction>
	</Language>
	<Language>
		<GUID>1F4DA2AB-5709-47CC-9CBB-805F220457D6</GUID>
		<LCID>zh-CN     </LCID>
		<Language>Chinese</Language>
		<NativeLanguageName_LA>1B4E69E2-CE81-4F16-BA91-AA5E52B4CDA3</NativeLanguageName_LA>
		<Country>China</Country>
		<NativeCountryName_LA>9255A311-17C3-4F1A-BFAE-08AF3E4A9CD5</NativeCountryName_LA>
		<IsTranslated>0</IsTranslated>
		<Style>Styles_en-US.xaml</Style>
		<Direction>LTR</Direction>
	</Language>
	<Language>
		<GUID>EC6D8EF1-0C83-4A04-8C17-8516034A67BA</GUID>
		<LCID>es-NI     </LCID>
		<Language>Spanish</Language>
		<NativeLanguageName_LA>5356AE12-666E-4CBD-B06E-E34248E3D892</NativeLanguageName_LA>
		<Country>Nicaragua</Country>
		<NativeCountryName_LA>3F394F23-6919-4F48-9F20-6DA5F0E37033</NativeCountryName_LA>
		<FlagIcon>NI.png</FlagIcon>
		<IsTranslated>0</IsTranslated>
		<Style>Styles_en-US.xaml</Style>
		<Direction>LTR</Direction>
	</Language>
	<Language>
		<GUID>8D7E6397-E5D8-421B-9053-8909B839225F</GUID>
		<LCID>is-IS     </LCID>
		<Language>Icelandic</Language>
		<NativeLanguageName_LA>C9F323A4-5318-43E7-B44F-DD110E71C2B8</NativeLanguageName_LA>
		<Country>Iceland</Country>
		<NativeCountryName_LA>64770447-FEB1-4877-BE59-FD20467D1679</NativeCountryName_LA>
		<FlagIcon>IC.png</FlagIcon>
		<IsTranslated>0</IsTranslated>
		<Style>Styles_en-US.xaml</Style>
		<Direction>LTR</Direction>
	</Language>
	<Language>
		<GUID>A5B5282E-20C4-4B13-8CCA-8B77F9C66D35</GUID>
		<LCID>kok-IN    </LCID>
		<Language>Konkani</Language>
		<NativeLanguageName_LA>9E43DFD1-89A9-4F17-9A81-18F6DA335968</NativeLanguageName_LA>
		<Country>India</Country>
		<NativeCountryName_LA>F96EEBFC-CB24-48F5-84CC-9E7EA7D051C9</NativeCountryName_LA>
		<FlagIcon>IN.png</FlagIcon>
		<IsTranslated>0</IsTranslated>
		<Style>Styles_en-US.xaml</Style>
		<Direction>LTR</Direction>
	</Language>
	<Language>
		<GUID>CBBF1B65-3AC2-4758-A91C-8E36D0271806</GUID>
		<LCID>rw-RW     </LCID>
		<Language>Kinyarwanda</Language>
		<NativeLanguageName_LA>6CFEDBCE-5F97-4062-A3CE-7D5554C73F33</NativeLanguageName_LA>
		<Country>Rwanda</Country>
		<NativeCountryName_LA>F150B9AB-5B2A-453D-9FBB-E17B0A565173</NativeCountryName_LA>
		<FlagIcon>RW.png</FlagIcon>
		<IsTranslated>0</IsTranslated>
		<Style>Styles_en-US.xaml</Style>
		<Direction>LTR</Direction>
	</Language>
	<Language>
		<GUID>9466CBCA-BB22-4A99-B05A-8F665D823D83</GUID>
		<LCID>kl-GL     </LCID>
		<Language>Greenlandic</Language>
		<NativeLanguageName_LA>E81D1803-86CE-4366-85E6-BA595C6ED200</NativeLanguageName_LA>
		<Country>Greenland</Country>
		<NativeCountryName_LA>CF99CC84-4A79-43D6-9F7A-E7A1D15993A7</NativeCountryName_LA>
		<FlagIcon>GL.png</FlagIcon>
		<IsTranslated>0</IsTranslated>
		<Style>Styles_en-US.xaml</Style>
		<Direction>LTR</Direction>
	</Language>
	<Language>
		<GUID>12DA35E9-3B89-4685-B099-8FE4D5E6EF09</GUID>
		<LCID>am-ET     </LCID>
		<Language>Amharic</Language>
		<NativeLanguageName_LA>EA42D34C-426B-4A70-8FD2-1D996DCF183B</NativeLanguageName_LA>
		<Country>Ethiopia</Country>
		<NativeCountryName_LA>D1D72B51-BBF2-41A3-A786-02273DC987D1</NativeCountryName_LA>
		<FlagIcon>ET.png</FlagIcon>
		<IsTranslated>0</IsTranslated>
		<Style>Styles_en-US.xaml</Style>
		<Direction>LTR</Direction>
	</Language>
	<Language>
		<GUID>14710D17-9E2F-4B05-ABFD-902C806E6211</GUID>
		<LCID>ar-YE     </LCID>
		<Language>Arabic</Language>
		<NativeLanguageName_LA>5C8661F6-4B53-40C7-9017-3F1684C6249A</NativeLanguageName_LA>
		<Country>Yemen</Country>
		<NativeCountryName_LA>6CEC0519-21C4-4CF2-B0D2-CE6ED7DADCD7</NativeCountryName_LA>
		<FlagIcon>YE.png</FlagIcon>
		<IsTranslated>0</IsTranslated>
		<Style>Styles_en-US.xaml</Style>
		<Direction>LTR</Direction>
	</Language>
	<Language>
		<GUID>DF2497A9-3FBF-4ECA-A97E-9104702328A8</GUID>
		<LCID>fr-CA     </LCID>
		<Language>French</Language>
		<NativeLanguageName_LA>86FC9527-F719-4305-9D91-A5798DDF1B3B</NativeLanguageName_LA>
		<Country>Canada</Country>
		<NativeCountryName_LA>6D587387-9D70-4C33-8163-C754DE17DBC7</NativeCountryName_LA>
		<FlagIcon>CA.png</FlagIcon>
		<IsTranslated>0</IsTranslated>
		<Style>Styles_en-US.xaml</Style>
		<Direction>LTR</Direction>
	</Language>
	<Language>
		<GUID>D12FCE84-1712-40CE-B28B-91556472183C</GUID>
		<LCID>tk-TM     </LCID>
		<Language>Turkmen</Language>
		<NativeLanguageName_LA>C6E8AA12-C4E7-4060-A8F1-A3638F3F3004</NativeLanguageName_LA>
		<Country>Turkmenistan</Country>
		<NativeCountryName_LA>28040107-AA12-4607-8F08-4C56EC5D3E35</NativeCountryName_LA>
		<FlagIcon>TM.png</FlagIcon>
		<IsTranslated>0</IsTranslated>
		<Style>Styles_en-US.xaml</Style>
		<Direction>LTR</Direction>
	</Language>
	<Language>
		<GUID>F0B49F21-9F54-424C-9984-96ED58BF808D</GUID>
		<LCID>Ig-NG     </LCID>
		<Language>Igbo</Language>
		<NativeLanguageName_LA>9F636264-421F-4638-AF34-70424DB7F572</NativeLanguageName_LA>
		<Country>Nigeria</Country>
		<NativeCountryName_LA>AB9735B8-4F97-4AE2-AB1F-204786A7C30B</NativeCountryName_LA>
		<FlagIcon>NG.png</FlagIcon>
		<IsTranslated>0</IsTranslated>
		<Style>Styles_en-US.xaml</Style>
		<Direction>LTR</Direction>
	</Language>
	<Language>
		<GUID>6C6C306A-DB17-44A8-A81A-999CD1456F57</GUID>
		<LCID>zh-TW     </LCID>
		<Language>Chinese (Traditional) Legacy</Language>
		<NativeLanguageName_LA>391007A0-9257-4ADC-A0FB-55BD7F2D349F</NativeLanguageName_LA>
		<Country>Taiwan</Country>
		<NativeCountryName_LA>6E1413FD-DD5F-4500-BD2E-61730E9CFC36</NativeCountryName_LA>
		<FlagIcon>TW.png</FlagIcon>
		<IsTranslated>0</IsTranslated>
		<Style>Styles_en-US.xaml</Style>
		<Direction>LTR</Direction>
	</Language>
	<Language>
		<GUID>F83057EC-76FB-490C-999B-99A4DD60BE5F</GUID>
		<LCID>sl-SI     </LCID>
		<Language>Slovenian</Language>
		<NativeLanguageName_LA>29BCCF91-C0C6-4098-8CD7-D215F672DF6A</NativeLanguageName_LA>
		<Country>Slovenia</Country>
		<NativeCountryName_LA>60FC37E6-2D08-4378-92D2-0A84525F9233</NativeCountryName_LA>
		<FlagIcon>SI.png</FlagIcon>
		<IsTranslated>0</IsTranslated>
		<Style>Styles_en-US.xaml</Style>
		<Direction>LTR</Direction>
	</Language>
	<Language>
		<GUID>7CCE03DF-CADD-4F69-B1A9-9A5401CB434E</GUID>
		<LCID>my-SG     </LCID>
		<Language>Malay</Language>
		<NativeLanguageName_LA>8C2A5B34-DF77-4DE0-A31C-13924669F71A</NativeLanguageName_LA>
		<Country>Singapore</Country>
		<NativeCountryName_LA>E7A4B8F6-E6C0-44C2-A21B-CA70267E0B86</NativeCountryName_LA>
		<FlagIcon>sg.png</FlagIcon>
		<IsTranslated>0</IsTranslated>
		<Style>Styles_en-US.xaml</Style>
		<Direction>LTR</Direction>
	</Language>
	<Language>
		<GUID>D4B7770D-D4D5-452E-9A9F-9A78B9A71C3C</GUID>
		<LCID>ms-BN     </LCID>
		<Language>Malay</Language>
		<NativeLanguageName_LA>6254FC58-9E2A-40E3-9753-4CC628A7C7C8</NativeLanguageName_LA>
		<Country>Brunei Darussalam</Country>
		<NativeCountryName_LA>7EA7330E-DC3F-4C2B-8449-FCD15AF06ACE</NativeCountryName_LA>
		<FlagIcon>BN.png</FlagIcon>
		<IsTranslated>0</IsTranslated>
		<Style>Styles_en-US.xaml</Style>
		<Direction>LTR</Direction>
	</Language>
	<Language>
		<GUID>D41589DF-7D5B-4460-8CA5-9EB1F2DEC271</GUID>
		<LCID>en-TT     </LCID>
		<Language>English</Language>
		<NativeLanguageName_LA>0A719411-E1BD-48B7-BA1A-94669D4940C6</NativeLanguageName_LA>
		<Country>Trinidad and Tobago</Country>
		<NativeCountryName_LA>3DA9F080-2D10-433D-8B7E-E977CE8DFDCF</NativeCountryName_LA>
		<FlagIcon>TT.png</FlagIcon>
		<IsTranslated>0</IsTranslated>
		<Style>Styles_en-US.xaml</Style>
		<Direction>LTR</Direction>
	</Language>
	<Language>
		<GUID>5B188772-973F-4EA8-A4D9-9F2A42DED2D0</GUID>
		<LCID>mn-CN     </LCID>
		<Language>Chinese(Traditional)</Language>
		<NativeLanguageName_LA>1192BA3E-1DB2-4D2A-BFFD-736A5EF3C019</NativeLanguageName_LA>
		<Country>People's Republic of China</Country>
		<NativeCountryName_LA>BA5258C2-2ABD-4343-AF03-35664C04BBE4</NativeCountryName_LA>
		<FlagIcon>CN.png</FlagIcon>
		<IsTranslated>0</IsTranslated>
		<Style>Styles_en-US.xaml</Style>
		<Direction>LTR</Direction>
	</Language>
	<Language>
		<GUID>77CE79CE-248F-43DA-B968-A0683E1D66C5</GUID>
		<LCID>ga-IE     </LCID>
		<Language>Irish</Language>
		<NativeLanguageName_LA>61CE4789-39C2-43AA-A854-F00F6FEFD1CB</NativeLanguageName_LA>
		<Country>Ireland</Country>
		<NativeCountryName_LA>080C61CD-4F0E-48F0-9019-4104E0DD49A5</NativeCountryName_LA>
		<FlagIcon>IE.png</FlagIcon>
		<IsTranslated>0</IsTranslated>
		<Style>Styles_en-US.xaml</Style>
		<Direction>LTR</Direction>
	</Language>
	<Language>
		<GUID>F57825C2-1021-4B1D-A099-A1357187A98C</GUID>
		<LCID>fr-LU     </LCID>
		<Language>French</Language>
		<NativeLanguageName_LA>95A52061-2486-43DB-BDBE-657CF9130D27</NativeLanguageName_LA>
		<Country>Luxembourg</Country>
		<NativeCountryName_LA>EC228250-94EA-42C4-8FE7-5EFC77747595</NativeCountryName_LA>
		<FlagIcon>LU.png</FlagIcon>
		<IsTranslated>0</IsTranslated>
		<Style>Styles_en-US.xaml</Style>
		<Direction>LTR</Direction>
	</Language>
	<Language>
		<GUID>705F116E-CAF9-4379-A565-A1A087951822</GUID>
		<LCID>ar-JO     </LCID>
		<Language>Arabic</Language>
		<NativeLanguageName_LA>265A594B-3523-4D4A-9CAB-E6C7F3CEA827</NativeLanguageName_LA>
		<Country>Jordan</Country>
		<NativeCountryName_LA>437A899F-9642-4FEE-869D-64DBA096BCCF</NativeCountryName_LA>
		<FlagIcon>JO.png</FlagIcon>
		<IsTranslated>0</IsTranslated>
		<Style>Styles_en-US.xaml</Style>
		<Direction>LTR</Direction>
	</Language>
	<Language>
		<GUID>A8EBC18B-C93E-4867-AE76-A1FA2AD2CC50</GUID>
		<LCID>ar-SA     </LCID>
		<Language>Arabic</Language>
		<NativeLanguageName_LA>4CEE5581-00C8-47EF-A42A-319137D34735</NativeLanguageName_LA>
		<Country>Saudi Arabia</Country>
		<NativeCountryName_LA>A76AF591-5B36-45E4-966E-9CC7D43A44BD</NativeCountryName_LA>
		<FlagIcon>SA.png</FlagIcon>
		<IsTranslated>0</IsTranslated>
		<Style>Styles_en-US.xaml</Style>
		<Direction>LTR</Direction>
	</Language>
	<Language>
		<GUID>928CD373-28FE-4A0E-8EDD-A204B4FECAB7</GUID>
		<LCID>sr-ME     </LCID>
		<Language>Serbian</Language>
		<NativeLanguageName_LA>256546E8-813D-4BBF-B440-A3E338E31820</NativeLanguageName_LA>
		<Country>Montenegro</Country>
		<NativeCountryName_LA>62F5A69F-3C7E-483D-A93C-981B4E1EED7B</NativeCountryName_LA>
		<FlagIcon>ME.png</FlagIcon>
		<IsTranslated>0</IsTranslated>
		<Style>Styles_en-US.xaml</Style>
		<Direction>LTR</Direction>
	</Language>
	<Language>
		<GUID>0CE54F69-C038-4843-889B-A254F9FC467F</GUID>
		<LCID>es-UY     </LCID>
		<Language>Spanish</Language>
		<NativeLanguageName_LA>1B45E7DE-9FD8-4C34-BC48-70916959EC28</NativeLanguageName_LA>
		<Country>Uruguay</Country>
		<NativeCountryName_LA>475CF2A1-297A-4C26-8773-D8573A8F074D</NativeCountryName_LA>
		<FlagIcon>UY.png</FlagIcon>
		<IsTranslated>0</IsTranslated>
		<Style>Styles_en-US.xaml</Style>
		<Direction>LTR</Direction>
	</Language>
	<Language>
		<GUID>1E06E1C6-E87E-481B-A507-A2CC5DB06FF8</GUID>
		<LCID>fo-FO     </LCID>
		<Language>Faroese</Language>
		<NativeLanguageName_LA>43E540F7-E151-4171-8040-0CE4F443793D</NativeLanguageName_LA>
		<Country>Faroe Islands</Country>
		<NativeCountryName_LA>2DB56542-2E88-4919-9105-46F1ABEDDA1F</NativeCountryName_LA>
		<FlagIcon>FO.png</FlagIcon>
		<IsTranslated>0</IsTranslated>
		<Style>Styles_en-US.xaml</Style>
		<Direction>LTR</Direction>
	</Language>
	<Language>
		<GUID>FCA19CDA-B921-464E-8BCF-A367126988DD</GUID>
		<LCID>en-029    </LCID>
		<Language>English</Language>
		<NativeLanguageName_LA>C571EF53-A3F7-45D4-A96B-F50ABA03111A</NativeLanguageName_LA>
		<Country>Caribbean</Country>
		<NativeCountryName_LA>1C65C092-BF5B-46AE-8C48-D7E9F1546B89</NativeCountryName_LA>
		<FlagIcon>029.png</FlagIcon>
		<IsTranslated>0</IsTranslated>
		<Style>Styles_en-US.xaml</Style>
		<Direction>LTR</Direction>
	</Language>
	<Language>
		<GUID>6EB97C48-7C5F-4F22-A86C-A3A5D30BCD0D</GUID>
		<LCID>bs-BA     </LCID>
		<Language>Bosnian</Language>
		<NativeLanguageName_LA>74FC771F-AB63-4758-9C17-97C9A7511A2B</NativeLanguageName_LA>
		<Country>Bosnia and Herzegovina</Country>
		<NativeCountryName_LA>687D5CDA-EC09-4B36-908F-C170E05C4D31</NativeCountryName_LA>
		<FlagIcon>BA.png</FlagIcon>
		<IsTranslated>0</IsTranslated>
		<Style>Styles_en-US.xaml</Style>
		<Direction>LTR</Direction>
	</Language>
	<Language>
		<GUID>5170F247-C919-495B-A440-A447E1974BCF</GUID>
		<LCID>kn-IN     </LCID>
		<Language>Kannada</Language>
		<NativeLanguageName_LA>0517FBFE-D551-434A-8B05-0DC603BDF478</NativeLanguageName_LA>
		<Country>India</Country>
		<NativeCountryName_LA>D91897FF-625C-4952-890A-6965CB2DBB3E</NativeCountryName_LA>
		<FlagIcon>IN.png</FlagIcon>
		<IsTranslated>0</IsTranslated>
		<Style>Styles_en-US.xaml</Style>
		<Direction>LTR</Direction>
	</Language>
	<Language>
		<GUID>695B5D0A-C5AB-42CB-8FC7-A682C68AB720</GUID>
		<LCID>fr-BE     </LCID>
		<Language>French</Language>
		<NativeLanguageName_LA>6F9FE22F-5A1F-4C18-9BA5-FB09F519CD30</NativeLanguageName_LA>
		<Country>Belgium</Country>
		<NativeCountryName_LA>52D6E83E-EB4D-4432-8BB1-DFC0E1F08E57</NativeCountryName_LA>
		<FlagIcon>BE.png</FlagIcon>
		<IsTranslated>0</IsTranslated>
		<Style>Styles_en-US.xaml</Style>
		<Direction>LTR</Direction>
	</Language>
	<Language>
		<GUID>7CF37F76-D8FD-4D74-80A7-A94E08F7CF5F</GUID>
		<LCID>es-PA     </LCID>
		<Language>Spanish</Language>
		<NativeLanguageName_LA>4D6E75CC-E6C1-4D37-B524-A1F35CA55224</NativeLanguageName_LA>
		<Country>Panama</Country>
		<NativeCountryName_LA>693E5501-9CCB-41F9-B04B-8B49342CBDEB</NativeCountryName_LA>
		<FlagIcon>PA.png</FlagIcon>
		<IsTranslated>0</IsTranslated>
		<Style>Styles_en-US.xaml</Style>
		<Direction>LTR</Direction>
	</Language>
	<Language>
		<GUID>95BBAC5F-C7F3-483B-9A56-ACCE0FB9058A</GUID>
		<LCID>da-DK     </LCID>
		<Language>Danish</Language>
		<NativeLanguageName_LA>AB51BA0C-47D0-4AFE-AED4-FD8740FF936A</NativeLanguageName_LA>
		<Country>Denmark</Country>
		<NativeCountryName_LA>061BB914-82FC-4AAD-BBB2-5934CCED60BD</NativeCountryName_LA>
		<FlagIcon>DK.png</FlagIcon>
		<IsTranslated>0</IsTranslated>
		<Style>Styles_en-US.xaml</Style>
		<Direction>LTR</Direction>
	</Language>
	<Language>
		<GUID>9064543A-3B2C-43AA-990D-AE7FF9A506A9</GUID>
		<LCID>fr-CH     </LCID>
		<Language>French</Language>
		<NativeLanguageName_LA>A1759943-8485-466D-8582-474E743EBCCC</NativeLanguageName_LA>
		<Country>Switzerland</Country>
		<NativeCountryName_LA>70EC972C-E569-472D-8227-EB87ED072026</NativeCountryName_LA>
		<FlagIcon>CH.png</FlagIcon>
		<IsTranslated>0</IsTranslated>
		<Style>Styles_en-US.xaml</Style>
		<Direction>LTR</Direction>
	</Language>
	<Language>
		<GUID>37E0968D-CF1B-4C6B-96E3-AF71728F6960</GUID>
		<LCID>en-ZW     </LCID>
		<Language>English</Language>
		<NativeLanguageName_LA>4536C697-51A2-4012-BE25-64B8958F48E3</NativeLanguageName_LA>
		<Country>Zimbabwe</Country>
		<NativeCountryName_LA>696D76F5-3187-4FC0-8AF3-D502DE15B193</NativeCountryName_LA>
		<FlagIcon>ZW.png</FlagIcon>
		<IsTranslated>0</IsTranslated>
		<Style>Styles_en-US.xaml</Style>
		<Direction>LTR</Direction>
	</Language>
	<Language>
		<GUID>74D2AAEC-A1D6-4441-8A02-B3A73D23C3B8</GUID>
		<LCID>es-VE     </LCID>
		<Language>Spanish</Language>
		<NativeLanguageName_LA>809522CB-2BC4-4FD7-9516-B7FBCC15353C</NativeLanguageName_LA>
		<Country>Bolivarian Republic of Venezuela</Country>
		<NativeCountryName_LA>DCA227E9-9801-4D8F-9866-482770CE40FB</NativeCountryName_LA>
		<FlagIcon>VE.png</FlagIcon>
		<IsTranslated>0</IsTranslated>
		<Style>Styles_en-US.xaml</Style>
		<Direction>LTR</Direction>
	</Language>
	<Language>
		<GUID>BF48D38E-078A-44AC-8DC8-B3CBE71ED672</GUID>
		<LCID>sw-KE     </LCID>
		<Language>Swahili</Language>
		<NativeLanguageName_LA>9BC5D025-3AA7-4C7C-BDF0-434A86576217</NativeLanguageName_LA>
		<Country>Kenya</Country>
		<NativeCountryName_LA>0143F859-491C-41D2-89D9-2F8DA6B0D8AF</NativeCountryName_LA>
		<FlagIcon>KE.png</FlagIcon>
		<IsTranslated>0</IsTranslated>
		<Style>Styles_en-US.xaml</Style>
		<Direction>LTR</Direction>
	</Language>
	<Language>
		<GUID>DB634E12-9057-4270-855F-B4568178EAFE</GUID>
		<LCID>de-DE     </LCID>
		<Language>German</Language>
		<NativeLanguageName_LA>E77B9519-526B-4EF9-8CC3-5E84C8D62A12</NativeLanguageName_LA>
		<Country>Germany</Country>
		<NativeCountryName_LA>02C627DE-2388-4703-9B76-32B98EA5DCB5</NativeCountryName_LA>
		<FlagIcon>DE.png</FlagIcon>
		<IsTranslated>0</IsTranslated>
		<Style>Styles_en-US.xaml</Style>
		<Direction>LTR</Direction>
	</Language>
	<Language>
		<GUID>CE714791-1436-434A-BBD4-B54CC1D6A140</GUID>
		<LCID>es-CR     </LCID>
		<Language>Spanish</Language>
		<NativeLanguageName_LA>1D80FADE-E6C9-48CD-8AA4-BCBDB36764B3</NativeLanguageName_LA>
		<Country>Costa Rica</Country>
		<NativeCountryName_LA>82E19EBB-2D4F-481E-9E0E-782BA196AB7D</NativeCountryName_LA>
		<FlagIcon>CR.png</FlagIcon>
		<IsTranslated>0</IsTranslated>
		<Style>Styles_en-US.xaml</Style>
		<Direction>LTR</Direction>
	</Language>
	<Language>
		<GUID>11C7C128-2A01-43D1-8017-B5E802182ACC</GUID>
		<LCID>en-BZ     </LCID>
		<Language>English</Language>
		<NativeLanguageName_LA>2E50BBA8-F8F1-40E8-AC01-781FC75C1268</NativeLanguageName_LA>
		<Country>Belize</Country>
		<NativeCountryName_LA>03021F60-6F73-4F49-A243-4AC448EB902F</NativeCountryName_LA>
		<FlagIcon>BZ.png</FlagIcon>
		<IsTranslated>0</IsTranslated>
		<Style>Styles_en-US.xaml</Style>
		<Direction>LTR</Direction>
	</Language>
	<Language>
		<GUID>9B31B715-DB33-44D2-9B64-B67345296090</GUID>
		<LCID>de-LI     </LCID>
		<Language>German</Language>
		<NativeLanguageName_LA>196A04D8-652E-422A-882C-87E828C80591</NativeLanguageName_LA>
		<Country>Liechtenstein</Country>
		<NativeCountryName_LA>711BECF1-1ECE-4C4D-88AB-19BE2F70FA2E</NativeCountryName_LA>
		<FlagIcon>LI.png</FlagIcon>
		<IsTranslated>0</IsTranslated>
		<Style>Styles_en-US.xaml</Style>
		<Direction>LTR</Direction>
	</Language>
	<Language>
		<GUID>3001D465-6DDC-47EA-9736-B8BEB9B41154</GUID>
		<LCID>hu-HU     </LCID>
		<Language>Hungarian</Language>
		<NativeLanguageName_LA>9E5FC892-AE6F-4336-B695-10160A48C5A5</NativeLanguageName_LA>
		<Country>Hungary</Country>
		<NativeCountryName_LA>E2F19AE6-CFEB-4013-A027-290EFFD4627D</NativeCountryName_LA>
		<FlagIcon>HU.png</FlagIcon>
		<IsTranslated>0</IsTranslated>
		<Style>Styles_en-US.xaml</Style>
		<Direction>LTR</Direction>
	</Language>
	<Language>
		<GUID>41EE77B2-DFDD-4D8B-96DC-B8D7D9C7113D</GUID>
		<LCID>fa-TJ     </LCID>
		<Language>Persian</Language>
		<NativeLanguageName_LA>95DB549A-5ADC-4A9A-88D2-D7A79685CAEB</NativeLanguageName_LA>
		<Country>Tajikistan</Country>
		<NativeCountryName_LA>F495E9BB-7381-4234-BA2E-F82E0C31F1C9</NativeCountryName_LA>
		<FlagIcon>tj.png</FlagIcon>
		<IsTranslated>0</IsTranslated>
		<Style>Styles_en-US.xaml</Style>
		<Direction>RTL</Direction>
	</Language>
	<Language>
		<GUID>433B5BDC-F3D2-4566-ACCE-B9C5FEE0984A</GUID>
		<LCID>dv-MV     </LCID>
		<Language>Divehi</Language>
		<NativeLanguageName_LA>821A9FE3-6732-4BC0-BE8D-464882FCD997</NativeLanguageName_LA>
		<Country>Maldives</Country>
		<NativeCountryName_LA>BBAECC77-9A86-462C-90D2-11451BBC66F5</NativeCountryName_LA>
		<FlagIcon>MV.png</FlagIcon>
		<IsTranslated>0</IsTranslated>
		<Style>Styles_en-US.xaml</Style>
		<Direction>LTR</Direction>
	</Language>
	<Language>
		<GUID>1A15AD50-E0C7-4FEA-9B5F-BE5D3DEE1921</GUID>
		<LCID>pl-PL     </LCID>
		<Language>Polish</Language>
		<NativeLanguageName_LA>39DD44A4-D554-4E13-A7D9-8D1B8A33985F</NativeLanguageName_LA>
		<Country>Poland</Country>
		<NativeCountryName_LA>D22F6A12-BE2C-4755-B2AE-FEF254986023</NativeCountryName_LA>
		<FlagIcon>PL.png</FlagIcon>
		<IsTranslated>0</IsTranslated>
		<Style>Styles_en-US.xaml</Style>
		<Direction>LTR</Direction>
	</Language>
	<Language>
		<GUID>F08A8892-F071-4387-9A04-BF9A66CE3ACA</GUID>
		<LCID>bn-IN     </LCID>
		<Language>Bengali</Language>
		<NativeLanguageName_LA>72D8F2C4-FBE6-497E-AE50-F9EDA7C11422</NativeLanguageName_LA>
		<Country>India</Country>
		<NativeCountryName_LA>1C854783-0BCD-4982-BF05-E729E9F5BE0F</NativeCountryName_LA>
		<FlagIcon>IN.png</FlagIcon>
		<IsTranslated>0</IsTranslated>
		<Style>Styles_en-US.xaml</Style>
		<Direction>LTR</Direction>
	</Language>
	<Language>
		<GUID>8BE21495-FD93-4E17-A18C-C08899C8E2B8</GUID>
		<LCID>mk-MK     </LCID>
		<Language>Macedonian</Language>
		<NativeLanguageName_LA>934D785C-D850-4D12-A9F8-08443FCAEA78</NativeLanguageName_LA>
		<Country>Macedonia</Country>
		<NativeCountryName_LA>4089A9EE-BC6A-4C2C-8767-B1E128ED7E31</NativeCountryName_LA>
		<FlagIcon>MK.png</FlagIcon>
		<IsTranslated>0</IsTranslated>
		<Style>Styles_en-US.xaml</Style>
		<Direction>LTR</Direction>
	</Language>
	<Language>
		<GUID>66310436-E2B1-447D-B0B9-C3483D3AC679</GUID>
		<LCID>de-AT     </LCID>
		<Language>German</Language>
		<NativeLanguageName_LA>17A2DB90-4CD3-4A6F-B8B2-547BB061F9B2</NativeLanguageName_LA>
		<Country>Austria</Country>
		<NativeCountryName_LA>8C5E3D68-C193-409E-8C5A-EC783906DAD6</NativeCountryName_LA>
		<FlagIcon>AT.png</FlagIcon>
		<IsTranslated>0</IsTranslated>
		<Style>Styles_en-US.xaml</Style>
		<Direction>LTR</Direction>
	</Language>
	<Language>
		<GUID>F2161EDF-38F8-4AF6-AFE9-C5C2289CFF5D</GUID>
		<LCID>hr-HR     </LCID>
		<Language>Croatian</Language>
		<NativeLanguageName_LA>CE87BCFD-85F1-4525-AFC4-11182E1983FC</NativeLanguageName_LA>
		<Country>Croatia</Country>
		<NativeCountryName_LA>9B4A58EC-20E5-42C1-A299-A08EE2CA7465</NativeCountryName_LA>
		<FlagIcon>HR.png</FlagIcon>
		<IsTranslated>0</IsTranslated>
		<Style>Styles_en-US.xaml</Style>
		<Direction>LTR</Direction>
	</Language>
	<Language>
		<GUID>AF3E0566-CDD9-45EF-9477-C65D4B2D51B9</GUID>
		<LCID>km-KH     </LCID>
		<Language>Khmer</Language>
		<NativeLanguageName_LA>E2F31278-3182-40F5-BDD1-AF835EAB162C</NativeLanguageName_LA>
		<Country>Cambodia</Country>
		<NativeCountryName_LA>15CDC473-EB07-4DB2-A980-9D3EA935E2BC</NativeCountryName_LA>
		<FlagIcon>KH.png</FlagIcon>
		<IsTranslated>0</IsTranslated>
		<Style>Styles_en-US.xaml</Style>
		<Direction>LTR</Direction>
	</Language>
	<Language>
		<GUID>F3B4F6DB-C465-40B1-91B1-C6DA0AF57F3A</GUID>
		<LCID>zh-MO     </LCID>
		<Language>Chinese (Traditional) Legacy</Language>
		<NativeLanguageName_LA>DB61FD93-2932-406D-91DE-E9F167452274</NativeLanguageName_LA>
		<Country>Macao S.A.R</Country>
		<NativeCountryName_LA>1CA1BF66-CE18-43C5-868E-33218AFA0D3A</NativeCountryName_LA>
		<FlagIcon>MO.png</FlagIcon>
		<IsTranslated>0</IsTranslated>
		<Style>Styles_en-US.xaml</Style>
		<Direction>LTR</Direction>
	</Language>
	<Language>
		<GUID>8459D1CD-5F71-4398-AD78-C9879E24408F</GUID>
		<LCID>pt-PT     </LCID>
		<Language>Portuguese</Language>
		<NativeLanguageName_LA>789A06A4-CE8E-45A7-B57F-9E540435F481</NativeLanguageName_LA>
		<Country>Portugal</Country>
		<NativeCountryName_LA>3983502C-7B5D-46D4-80A6-D329549DEECE</NativeCountryName_LA>
		<FlagIcon>PT.png</FlagIcon>
		<IsTranslated>0</IsTranslated>
		<Style>Styles_en-US.xaml</Style>
		<Direction>LTR</Direction>
	</Language>
	<Language>
		<GUID>0DA300B9-487E-4F71-A2A6-CBA286E230A8</GUID>
		<LCID>ta-IN     </LCID>
		<Language>Tamil</Language>
		<NativeLanguageName_LA>AE220166-6E81-45AD-8D8D-6014C9AE5AC8</NativeLanguageName_LA>
		<Country>India</Country>
		<NativeCountryName_LA>593F96FA-F35B-4BFF-9CD2-2BAADC7C18B5</NativeCountryName_LA>
		<FlagIcon>in.png</FlagIcon>
		<IsTranslated>0</IsTranslated>
		<Style>Styles_ta-IN.xaml</Style>
		<Direction>LTR</Direction>
	</Language>
	<Language>
		<GUID>E988E202-11E9-459F-A7E3-CE82EF28FBBF</GUID>
		<LCID>sq-AL     </LCID>
		<Language>Albanian</Language>
		<NativeLanguageName_LA>0C3BA586-1299-4DFD-B8AC-F9DE601F083A</NativeLanguageName_LA>
		<Country>Albania</Country>
		<NativeCountryName_LA>3BF279D9-C06E-45DB-A767-741860CA21E5</NativeCountryName_LA>
		<FlagIcon>AL.png</FlagIcon>
		<IsTranslated>0</IsTranslated>
		<Style>Styles_en-US.xaml</Style>
		<Direction>LTR</Direction>
	</Language>
	<Language>
		<GUID>48FF1E55-38E1-4F82-B517-CF81F09C0796</GUID>
		<LCID>ar-AE     </LCID>
		<Language>Arabic</Language>
		<NativeLanguageName_LA>ADA667BE-BA8C-4054-80B1-0DECBC53F1A6</NativeLanguageName_LA>
		<Country>UAE</Country>
		<NativeCountryName_LA>30D9BB4C-389E-43A3-8831-510B707580F9</NativeCountryName_LA>
		<FlagIcon>AE.png</FlagIcon>
		<IsTranslated>0</IsTranslated>
		<Style>Styles_en-US.xaml</Style>
		<Direction>RTL</Direction>
	</Language>
	<Language>
		<GUID>9446A70A-28BE-47AC-BAED-CFA82B151ADB</GUID>
		<LCID>ha-NG     </LCID>
		<Language>Hausa (Latin)</Language>
		<NativeLanguageName_LA>F181FABB-63CE-4656-B6D1-A2BB0E9B6147</NativeLanguageName_LA>
		<Country>Nigeria</Country>
		<NativeCountryName_LA>E82F8919-E155-4797-9B58-EF764F3B24C5</NativeCountryName_LA>
		<FlagIcon>NG.png</FlagIcon>
		<IsTranslated>0</IsTranslated>
		<Style>Styles_en-US.xaml</Style>
		<Direction>LTR</Direction>
	</Language>
	<Language>
		<GUID>2B98E0EC-DA8A-423C-B730-D1AF86AA003D</GUID>
		<LCID>id-ID     </LCID>
		<Language>Indonesian</Language>
		<NativeLanguageName_LA>51FF06F8-DE92-4AF7-B8D9-3CAFAF740CBC</NativeLanguageName_LA>
		<Country>Indonesia</Country>
		<NativeCountryName_LA>E860705D-587C-4E27-9F4E-66FAEDB82C63</NativeCountryName_LA>
		<FlagIcon>ID.png</FlagIcon>
		<IsTranslated>0</IsTranslated>
		<Style>Styles_en-US.xaml</Style>
		<Direction>LTR</Direction>
	</Language>
	<Language>
		<GUID>065414E3-01FC-4938-8D5B-D1BDE659B55D</GUID>
		<LCID>si-LK     </LCID>
		<Language>Sinhala</Language>
		<NativeLanguageName_LA>4BBFFB94-59B7-4350-905C-3406BD389B47</NativeLanguageName_LA>
		<Country>Sri Lanka</Country>
		<NativeCountryName_LA>563B55DE-1CFA-4B3D-9032-BE225655DCD3</NativeCountryName_LA>
		<FlagIcon>LK.png</FlagIcon>
		<IsTranslated>0</IsTranslated>
		<Style>Styles_en-US.xaml</Style>
		<Direction>LTR</Direction>
	</Language>
	<Language>
		<GUID>A68969B4-D978-466D-8D3F-D44E17A0119E</GUID>
		<LCID>en-MY     </LCID>
		<Language>English</Language>
		<NativeLanguageName_LA>5013E5F3-B1F9-4416-BCC7-046B0974965F</NativeLanguageName_LA>
		<Country>Malaysia</Country>
		<NativeCountryName_LA>739CABA0-6147-4D0C-BDE8-45B94D4160EF</NativeCountryName_LA>
		<FlagIcon>MY.png</FlagIcon>
		<IsTranslated>0</IsTranslated>
		<Style>Styles_en-US.xaml</Style>
		<Direction>LTR</Direction>
	</Language>
	<Language>
		<GUID>15323CBA-E8FF-4865-A6CF-D470FB1712F5</GUID>
		<LCID>sa-IN     </LCID>
		<Language>Sanskrit</Language>
		<NativeLanguageName_LA>A6322FB0-5045-42CB-905A-3E0FE5AB70D6</NativeLanguageName_LA>
		<Country>India</Country>
		<NativeCountryName_LA>0BB88A62-7480-47AA-BDA0-452C3900B31A</NativeCountryName_LA>
		<FlagIcon>IN.png</FlagIcon>
		<IsTranslated>0</IsTranslated>
		<Style>Styles_en-US.xaml</Style>
		<Direction>LTR</Direction>
	</Language>
	<Language>
		<GUID>622C7C9E-52E0-4461-B406-D60A93FDB9A1</GUID>
		<LCID>ps-AF     </LCID>
		<Language>Pashto</Language>
		<NativeLanguageName_LA>575B493A-9497-4831-A9A5-0A600E06A1AC</NativeLanguageName_LA>
		<Country>Afghanistan</Country>
		<NativeCountryName_LA>DFC38E4B-1A61-41B4-94F8-CB44C39F7B27</NativeCountryName_LA>
		<FlagIcon>AF.png</FlagIcon>
		<IsTranslated>0</IsTranslated>
		<Style>Styles_en-US.xaml</Style>
		<Direction>RTL</Direction>
	</Language>
	<Language>
		<GUID>EB3FD07A-13C3-48DE-AF93-D6BCE24DF3E6</GUID>
		<LCID>ta-SG     </LCID>
		<Language>Tamil</Language>
		<NativeLanguageName_LA>5DB4A9B9-2542-4DA4-9376-5BF84E002D98</NativeLanguageName_LA>
		<Country>Singapore</Country>
		<NativeCountryName_LA>2C71DB83-BA23-48E9-8666-4E3075FAD006</NativeCountryName_LA>
		<FlagIcon>sg.png</FlagIcon>
		<IsTranslated>0</IsTranslated>
		<Style>Styles_en-US.xaml</Style>
		<Direction>LTR</Direction>
	</Language>
	<Language>
		<GUID>5AE2FC01-3B0F-47B2-9364-D72E55F55287</GUID>
		<LCID>zh-SG     </LCID>
		<Language>Chinese</Language>
		<NativeLanguageName_LA>3D5AF411-22BE-442F-A24D-E914EA567144</NativeLanguageName_LA>
		<Country>Singapore</Country>
		<NativeCountryName_LA>446DCA3A-51A7-4DD5-BC00-500784CDC861</NativeCountryName_LA>
		<FlagIcon>sg.png</FlagIcon>
		<IsTranslated>0</IsTranslated>
		<Style>Styles_en-US.xaml</Style>
		<Direction>LTR</Direction>
	</Language>
	<Language>
		<GUID>081072B4-2A48-414C-8473-D7756FC02289</GUID>
		<LCID>es-PY     </LCID>
		<Language>Spanish</Language>
		<NativeLanguageName_LA>A3F2DE41-3DF7-4B96-865A-48F36FFE42FF</NativeLanguageName_LA>
		<Country>Paraguay</Country>
		<NativeCountryName_LA>2A309E26-6506-4214-9540-ABD7D96C17FA</NativeCountryName_LA>
		<FlagIcon>PY.png</FlagIcon>
		<IsTranslated>0</IsTranslated>
		<Style>Styles_en-US.xaml</Style>
		<Direction>LTR</Direction>
	</Language>
	<Language>
		<GUID>88329EB2-C312-41AA-81D5-D8513EFFB57D</GUID>
		<LCID>nb-NO     </LCID>
		<Language>Norwegian (Bokmal)</Language>
		<NativeLanguageName_LA>3E05C63F-9D5A-461E-BE40-FB2574B2C575</NativeLanguageName_LA>
		<Country>Norway  Oman</Country>
		<NativeCountryName_LA>6E69A82E-51B8-435D-826A-6CBEB6535274</NativeCountryName_LA>
		<FlagIcon>NO.png</FlagIcon>
		<IsTranslated>0</IsTranslated>
		<Style>Styles_en-US.xaml</Style>
		<Direction>LTR</Direction>
	</Language>
	<Language>
		<GUID>04D1EC0C-AE95-475F-B093-D936639BEA41</GUID>
		<LCID>cs-CZ     </LCID>
		<Language>Czech</Language>
		<NativeLanguageName_LA>70F2F2D5-BDB2-4F7A-8E7E-4EF82D5E7F6B</NativeLanguageName_LA>
		<Country>Czech Republic</Country>
		<NativeCountryName_LA>E452D27B-EBBE-4CA4-8D44-1FDCB3839B09</NativeCountryName_LA>
		<FlagIcon>CZ.png</FlagIcon>
		<IsTranslated>0</IsTranslated>
		<Style>Styles_en-US.xaml</Style>
		<Direction>LTR</Direction>
	</Language>
	<Language>
		<GUID>917E0E2E-3EF2-498B-8AC9-DA612471FCA6</GUID>
		<LCID>ms-MY     </LCID>
		<Language>Malay</Language>
		<NativeLanguageName_LA>6C2A5968-CF03-4C30-996F-15E559CFD43B</NativeLanguageName_LA>
		<Country>Malaysia</Country>
		<NativeCountryName_LA>CA306FE4-6DEF-4C69-A5F8-C8F421053383</NativeCountryName_LA>
		<FlagIcon>MY.png</FlagIcon>
		<IsTranslated>0</IsTranslated>
		<Style>Styles_en-US.xaml</Style>
		<Direction>LTR</Direction>
	</Language>
	<Language>
		<GUID>BB1203C0-9DC8-41D9-B74C-DB21FA8AD717</GUID>
		<LCID>en-JM     </LCID>
		<Language>English</Language>
		<NativeLanguageName_LA>BCF53F05-6D63-4DA4-BCAF-34072E984BB0</NativeLanguageName_LA>
		<Country>Jamaica</Country>
		<NativeCountryName_LA>E018A185-56BB-42AA-AB32-D2FDA0446F7F</NativeCountryName_LA>
		<FlagIcon>JM.png</FlagIcon>
		<IsTranslated>0</IsTranslated>
		<Style>Styles_en-US.xaml</Style>
		<Direction>LTR</Direction>
	</Language>
	<Language>
		<GUID>EC86D598-D9CC-406D-A9F5-DC41A39E4732</GUID>
		<LCID>es-DO     </LCID>
		<Language>Spanish</Language>
		<NativeLanguageName_LA>E110190B-3E32-4CD9-B5C9-B9B4487856BE</NativeLanguageName_LA>
		<Country>Dominican Republic</Country>
		<NativeCountryName_LA>2D40D523-707D-44E5-933E-96C942B4A707</NativeCountryName_LA>
		<FlagIcon>DO.png</FlagIcon>
		<IsTranslated>0</IsTranslated>
		<Style>Styles_en-US.xaml</Style>
		<Direction>LTR</Direction>
	</Language>
	<Language>
		<GUID>8A7518EE-0F62-4A71-A09C-DDEEE32D5BD9</GUID>
		<LCID>ar-TN     </LCID>
		<Language>Arabic</Language>
		<NativeLanguageName_LA>A9A4DD6C-7DB3-4260-A1CD-8EF229665D5C</NativeLanguageName_LA>
		<Country>Tunisia</Country>
		<NativeCountryName_LA>67C988C5-D017-466C-BA63-7B621D8CCB3F</NativeCountryName_LA>
		<FlagIcon>TN.png</FlagIcon>
		<IsTranslated>0</IsTranslated>
		<Style>Styles_en-US.xaml</Style>
		<Direction>LTR</Direction>
	</Language>
	<Language>
		<GUID>14414AC8-09A4-45BE-919E-DE372A857B5B</GUID>
		<LCID>tg-TJ     </LCID>
		<Language>Tajik</Language>
		<NativeLanguageName_LA>A0B31F51-2F5A-4B29-9BA0-0DD1F1BEA517</NativeLanguageName_LA>
		<Country>Tajikistan</Country>
		<NativeCountryName_LA>C7CA3AFB-B1A8-41C6-A79E-79DD5094A335</NativeCountryName_LA>
		<FlagIcon>TJ.png</FlagIcon>
		<IsTranslated>0</IsTranslated>
		<Style>Styles_en-US.xaml</Style>
		<Direction>LTR</Direction>
	</Language>
	<Language>
		<GUID>DF011D93-742D-4DA8-AE8B-DF841F743474</GUID>
		<LCID>az-AZ     </LCID>
		<Language>Azerbaijani</Language>
		<NativeLanguageName_LA>E77555F6-C111-4C3D-ADCB-996FB5C307B1</NativeLanguageName_LA>
		<Country>Azerbaijan</Country>
		<NativeCountryName_LA>62C80FAC-C813-4687-87EB-8B2212E5768A</NativeCountryName_LA>
		<FlagIcon>AZ.png</FlagIcon>
		<IsTranslated>0</IsTranslated>
		<Style>Styles_en-US.xaml</Style>
		<Direction>LTR</Direction>
	</Language>
	<Language>
		<GUID>B23A118E-E19A-4F3C-AA0D-E32B61580405</GUID>
		<LCID>en-UK     </LCID>
		<Language>English</Language>
		<NativeLanguageName_LA>4E2C6BAB-B815-4BE5-81C7-2AB675788DD8</NativeLanguageName_LA>
		<Country>United Kingdom</Country>
		<NativeCountryName_LA>9B072200-C2E1-4F25-BD12-C4FC968E6BB4</NativeCountryName_LA>
		<FlagIcon>gb.png</FlagIcon>
		<IsTranslated>0</IsTranslated>
		<Style>Styles_en-US.xaml</Style>
		<Direction>LTR</Direction>
	</Language>
	<Language>
		<GUID>B7DEE109-948E-4CE3-AB02-E3A83BC0EA74</GUID>
		<LCID>ar-EG     </LCID>
		<Language>Arabic</Language>
		<NativeLanguageName_LA>C97AF6F0-CCE3-4D11-9526-39DAE803F98B</NativeLanguageName_LA>
		<Country>Egypt</Country>
		<NativeCountryName_LA>8FC834D2-CB5D-41AB-AAF1-73BC50BD9A9F</NativeCountryName_LA>
		<FlagIcon>EG.png</FlagIcon>
		<IsTranslated>0</IsTranslated>
		<Style>Styles_en-US.xaml</Style>
		<Direction>LTR</Direction>
	</Language>
	<Language>
		<GUID>16D81FA1-DF11-40E2-AEDB-E494E7C36033</GUID>
		<LCID>kk-KZ     </LCID>
		<Language>Kazakh</Language>
		<NativeLanguageName_LA>2F827912-8C84-4C97-98DF-15D9C9277C80</NativeLanguageName_LA>
		<Country>Kazakhstan</Country>
		<NativeCountryName_LA>6035A7C6-C7B5-4F21-9DBC-3A26768B67E2</NativeCountryName_LA>
		<FlagIcon>KZ.png</FlagIcon>
		<IsTranslated>0</IsTranslated>
		<Style>Styles_en-US.xaml</Style>
		<Direction>LTR</Direction>
	</Language>
	<Language>
		<GUID>9EB313FC-A449-4C6F-8061-E8E360C3BB3D</GUID>
		<LCID>or-IN     </LCID>
		<Language>Oriya</Language>
		<NativeLanguageName_LA>A2761A9F-9DB1-40BD-8D41-6AC5431DA74D</NativeLanguageName_LA>
		<Country>India</Country>
		<NativeCountryName_LA>FD097ACD-AE3D-4CBD-B9B4-98DEF5F85807</NativeCountryName_LA>
		<FlagIcon>IN.png</FlagIcon>
		<IsTranslated>0</IsTranslated>
		<Style>Styles_en-US.xaml</Style>
		<Direction>LTR</Direction>
	</Language>
	<Language>
		<GUID>1E18A389-511D-4247-9B46-E91BA42242DD</GUID>
		<LCID>en-IN     </LCID>
		<Language>English</Language>
		<NativeLanguageName_LA>0BAD2EEE-C588-4C00-B405-66339C2C702F</NativeLanguageName_LA>
		<Country>India</Country>
		<NativeCountryName_LA>E743E951-BB6E-4E5D-990A-BE4E9A658F71</NativeCountryName_LA>
		<FlagIcon>IN.png</FlagIcon>
		<IsTranslated>0</IsTranslated>
		<Style>Styles_en-US.xaml</Style>
		<Direction>LTR</Direction>
	</Language>
	<Language>
		<GUID>F28351C7-1ED9-4A86-9232-E9CC7BB11335</GUID>
		<LCID>en-GB     </LCID>
		<Language>English</Language>
		<NativeLanguageName_LA>4E2C6BAB-B815-4BE5-81C7-2AB675788DD8</NativeLanguageName_LA>
		<Country>Great Britain</Country>
		<NativeCountryName_LA>C19DDD4B-F4E2-468E-901A-8D2C42EAC408</NativeCountryName_LA>
		<FlagIcon>gb.png</FlagIcon>
		<IsTranslated>0</IsTranslated>
		<Style>Styles_en-US.xaml</Style>
		<Direction>LTR</Direction>
	</Language>
	<Language>
		<GUID>080C0F54-A1A0-4DBB-9066-EA4729B40FF5</GUID>
		<LCID>quz-BO    </LCID>
		<Language>Quechua</Language>
		<NativeLanguageName_LA>CF4FA30A-5550-4686-AD7F-4BD394B5569C</NativeLanguageName_LA>
		<Country>Bolivia</Country>
		<NativeCountryName_LA>6592C839-1E45-4693-BD6B-2E57787E701A</NativeCountryName_LA>
		<FlagIcon>BO.png</FlagIcon>
		<IsTranslated>0</IsTranslated>
		<Style>Styles_en-US.xaml</Style>
		<Direction>LTR</Direction>
	</Language>
	<Language>
		<GUID>2FE64D28-AA90-426C-B8F7-ED17BBC20E89</GUID>
		<LCID>ar-QA     </LCID>
		<Language>Arabic</Language>
		<NativeLanguageName_LA>05765CDE-AA86-4757-B4D8-98F239B64A08</NativeLanguageName_LA>
		<Country>Qatar</Country>
		<NativeCountryName_LA>8334F09C-3B67-46DB-BD8C-8D4127425048</NativeCountryName_LA>
		<FlagIcon>QA.png</FlagIcon>
		<IsTranslated>0</IsTranslated>
		<Style>Styles_en-US.xaml</Style>
		<Direction>LTR</Direction>
	</Language>
	<Language>
		<GUID>F45DA60A-FE3B-4F25-8288-EE36C5F9AEF8</GUID>
		<LCID>lo-LA     </LCID>
		<Language>Lao</Language>
		<NativeLanguageName_LA>6B647BFD-2623-4CBC-BC89-01657C906763</NativeLanguageName_LA>
		<Country>Lao People's Democratic Republic</Country>
		<NativeCountryName_LA>72AC24E6-7A75-4984-A7C5-EBCA9DF2EF69</NativeCountryName_LA>
		<FlagIcon>LA.png</FlagIcon>
		<IsTranslated>0</IsTranslated>
		<Style>Styles_en-US.xaml</Style>
		<Direction>LTR</Direction>
	</Language>
	<Language>
		<GUID>8A46976A-1BF5-44EC-8491-F123D8261EDF</GUID>
		<LCID>sr-BA     </LCID>
		<Language>Serbian</Language>
		<NativeLanguageName_LA>09450717-BD79-4610-8774-ED0D4A591E77</NativeLanguageName_LA>
		<Country>Bosnia and Herzegovina</Country>
		<NativeCountryName_LA>AAF7CEF4-02CA-4DD4-9E60-575D7333F2E1</NativeCountryName_LA>
		<FlagIcon>BA.png</FlagIcon>
		<IsTranslated>0</IsTranslated>
		<Style>Styles_en-US.xaml</Style>
		<Direction>LTR</Direction>
	</Language>
	<Language>
		<GUID>C0EF1DEA-C00B-4D42-82EC-F14F253A8FAB</GUID>
		<LCID>fi-FI     </LCID>
		<Language>Finnish</Language>
		<NativeLanguageName_LA>D506CA7E-AD74-4152-88AE-1A0E5D189CD6</NativeLanguageName_LA>
		<Country>Finland</Country>
		<NativeCountryName_LA>F53CDDEB-AAD7-4459-AD66-1171EBE2FCC2</NativeCountryName_LA>
		<FlagIcon>FI.png</FlagIcon>
		<IsTranslated>0</IsTranslated>
		<Style>Styles_en-US.xaml</Style>
		<Direction>LTR</Direction>
	</Language>
	<Language>
		<GUID>DE9F8A37-051A-4A6E-BB13-F573EDDE8300</GUID>
		<LCID>ar-BH     </LCID>
		<Language>Arabic</Language>
		<NativeLanguageName_LA>05C95060-C79B-4E8B-8C8F-50CA4BED54ED</NativeLanguageName_LA>
		<Country>Bahrain</Country>
		<NativeCountryName_LA>43CA915E-06FA-4486-8C62-0FD8E953774B</NativeCountryName_LA>
		<FlagIcon>BH.png</FlagIcon>
		<IsTranslated>0</IsTranslated>
		<Style>Styles_en-US.xaml</Style>
		<Direction>RTL</Direction>
	</Language>
	<Language>
		<GUID>7A54D7FD-24A4-44BD-9833-F63D77AC13EC</GUID>
		<LCID>en-IE     </LCID>
		<Language>English</Language>
		<NativeLanguageName_LA>2FB28560-556B-4733-9D32-E080010870CE</NativeLanguageName_LA>
		<Country>Ireland</Country>
		<NativeCountryName_LA>156BFD68-0458-451C-A67F-7BEAF1005D73</NativeCountryName_LA>
		<FlagIcon>IE.png</FlagIcon>
		<IsTranslated>0</IsTranslated>
		<Style>Styles_en-US.xaml</Style>
		<Direction>LTR</Direction>
	</Language>
	<Language>
		<GUID>E6001AD3-D455-45DE-BF65-F6AAE8278263</GUID>
		<LCID>lv-LV     </LCID>
		<Language>Latvian</Language>
		<NativeLanguageName_LA>BF5B1395-D178-41B2-8D84-80F7A7D93224</NativeLanguageName_LA>
		<Country>Latvia</Country>
		<NativeCountryName_LA>E4ED10FD-F488-4E6F-B792-8B7858965FEA</NativeCountryName_LA>
		<FlagIcon>LV.png</FlagIcon>
		<IsTranslated>0</IsTranslated>
		<Style>Styles_en-US.xaml</Style>
		<Direction>LTR</Direction>
	</Language>
	<Language>
		<GUID>99812063-040B-4D63-905F-FC1AA3FC79FC</GUID>
		<LCID>pa-IN     </LCID>
		<Language>Punjabi</Language>
		<NativeLanguageName_LA>2D631D67-E3CB-45A1-907B-8D0F9FD47DF5</NativeLanguageName_LA>
		<Country>India</Country>
		<NativeCountryName_LA>8E0C0F93-8117-4BD0-A17D-E00B7D126C89</NativeCountryName_LA>
		<FlagIcon>in.png</FlagIcon>
		<IsTranslated>0</IsTranslated>
		<Style>Styles_en-US.xaml</Style>
		<Direction>LTR</Direction>
	</Language>
	<Language>
		<GUID>5D41EAC0-7F69-4A10-A837-FC3B4F162933</GUID>
		<LCID>es-EC     </LCID>
		<Language>Spanish</Language>
		<NativeLanguageName_LA>5D2CB089-78FE-4DD9-921D-F01A3605D304</NativeLanguageName_LA>
		<Country>Ecuador</Country>
		<NativeCountryName_LA>8C07E6F3-0228-4BBB-8891-2091551F5E0D</NativeCountryName_LA>
		<FlagIcon>EC.png</FlagIcon>
		<IsTranslated>0</IsTranslated>
		<Style>Styles_en-US.xaml</Style>
		<Direction>LTR</Direction>
	</Language>
	<Language>
		<GUID>A945F845-485C-49F0-9A9C-FC6D17047947</GUID>
		<LCID>gu-IN     </LCID>
		<Language>Gujarati</Language>
		<NativeLanguageName_LA>422C1076-58BA-4592-AB79-731031062217</NativeLanguageName_LA>
		<Country>India</Country>
		<NativeCountryName_LA>1C705A66-CF7A-45E5-B627-2D316AC05AEE</NativeCountryName_LA>
		<FlagIcon>IN.png</FlagIcon>
		<IsTranslated>0</IsTranslated>
		<Style>Styles_en-US.xaml</Style>
		<Direction>LTR</Direction>
	</Language>
	<Language>
		<GUID>B43881FA-FA2C-42F3-AC24-FE242A253E95</GUID>
		<LCID>fr-FR     </LCID>
		<Language>French</Language>
		<NativeLanguageName_LA>5386F3BE-6EF9-4D45-9395-1D432E1636A7</NativeLanguageName_LA>
		<Country>France</Country>
		<NativeCountryName_LA>2B6B723E-44E8-4E9E-81B5-AB6E877E4735</NativeCountryName_LA>
		<FlagIcon>fr.png</FlagIcon>
		<IsTranslated>0</IsTranslated>
		<Style>Styles_en-US.xaml</Style>
		<Direction>LTR</Direction>
	</Language>
</BF_Languages>