<BF_Lookups>
<!--//////////////////////////////// ANALYSIS ////////////////////////////////////-->
  <Lookup>
    <GUID>3F8C579F-E95A-43A3-B126-ADDA748CB79B</GUID>
    <LookupType>analysis</LookupType>
    <EnumerationValue>DCGM</EnumerationValue>
    <Displayed_LA>032AE725-7AFC-4EEE-A5D2-AF336104C15B</Displayed_LA>
    <Order>1</Order>
  </Lookup>
  <Lookup>
    <GUID>A7AD5430-0684-4A5A-A97E-0662DBF3B518</GUID>
    <LookupType>analysis</LookupType>
    <EnumerationValue>DCUW</EnumerationValue>
    <Displayed_LA>E73B574F-A48C-4255-AE8F-7553BBE3AB69</Displayed_LA>
    <Order>2</Order>
  </Lookup>
  <Lookup>
    <GUID>4D949ACC-520C-4C90-9E79-63C137D29D95</GUID>
    <LookupType>analysis</LookupType>
    <EnumerationValue>PEARSON</EnumerationValue>
    <Displayed_LA>E90A21A0-B865-4B29-9EEC-37BF268BD00A</Displayed_LA>
    <Order>3</Order>
  </Lookup>
  <!--<Lookup>
    <GUID>E23FCDEB-F5DC-4FBF-8536-FEDFDC45E235</GUID>
    <LookupType>analysis</LookupType>
    <EnumerationValue>AVG_CORRELATIONS</EnumerationValue>
    <Displayed_LA>DC847905-85AC-4114-B412-A2B9A1103B55</Displayed_LA>
    <Order>4</Order>
  </Lookup>-->
  <Lookup>
    <GUID>B6599FDA-4FF9-48BA-9237-BAB51A1EE25D</GUID>
    <LookupType>analysis</LookupType>
    <EnumerationValue>VOTING</EnumerationValue>
    <Displayed_LA>6D91C64A-9B5B-4C33-A189-A22255A1FFEB</Displayed_LA>
    <Order>5</Order>
  </Lookup>
  <Lookup>
    <GUID>A5FE9655-686D-4F60-B2B6-45FBA942E589</GUID>
    <LookupType>analysis</LookupType>
    <EnumerationValue>COMPARISON_CIT</EnumerationValue>
    <Displayed_LA>258D3DA2-0A79-483D-A561-82185A30491E</Displayed_LA>
    <Order>6</Order>
  </Lookup>
  <!--<Lookup>
    <GUID>D247B843-3830-48A2-B2AC-E050D5B7ACF2</GUID>
    <LookupType>analysis</LookupType>
    <EnumerationValue>P300_MERMER</EnumerationValue>
    <Displayed_LA>389F6436-7DF4-4AA5-9FC8-76B2EF95AE13</Displayed_LA>
    <Order>7</Order>
  </Lookup>-->
  <!--<Lookup>
    <GUID>BDC25C77-286D-4685-BE85-E0A9A814D184</GUID>
    <LookupType>analysis</LookupType>
    <EnumerationValue>RMS</EnumerationValue>
    <Displayed_LA>0EB69FF6-7D05-454D-A546-9D3D7005D80F</Displayed_LA>
    <Order>8</Order>
  </Lookup>-->
  <!--<Lookup>
    <GUID>07094569-7DB0-4336-AF84-7AFADB36A10E</GUID>
    <LookupType>analysis</LookupType>
    <EnumerationValue>VOTING5</EnumerationValue>
    <Displayed_LA>DC6870CD-CF4D-4F8A-B36E-135E26A6A8D7</Displayed_LA>
    <Order>9</Order>
  </Lookup>-->
  <!--<Lookup>
    <GUID>8041DEC9-54E0-4C9D-841C-B6F4E93D432B</GUID>
    <LookupType>analysis</LookupType>
    <EnumerationValue>AVERAGE5</EnumerationValue>
    <Displayed_LA>923345FC-BE82-4301-AE79-AEBBFBA7CD1D</Displayed_LA>
    <Order>10</Order>
  </Lookup>-->
  <!--<Lookup>
    <GUID>3137E51A-3797-4A11-87C5-AE9F48EFDA25</GUID>
    <LookupType>analysis</LookupType>
    <EnumerationValue>MAX_DIST</EnumerationValue>
    <Displayed_LA>37CEC2A5-36A8-4E08-8152-789AD097CC7B </Displayed_LA>
    <Order>11</Order>
  </Lookup>-->
  <!--<Lookup>
    <GUID>C3E49C5A-5919-4263-9FA9-BFA54BD38BFD</GUID>
    <LookupType>analysis</LookupType>
    <EnumerationValue>AVG_DCGM_DCUW</EnumerationValue>
    <Displayed_LA>1F69F394-C86B-456B-8419-DEDC43D73291</Displayed_LA>
    <Order>12</Order>
  </Lookup>-->
  <!--<Lookup>
    <GUID>11996CE2-3897-4BB5-A177-264B8E758C28</GUID>
    <LookupType>analysis</LookupType>
    <EnumerationValue>AVG_DCGM_PEARSON</EnumerationValue>
    <Displayed_LA>FCACF019-4AAA-4FFC-87A8-37F5CE085DA1</Displayed_LA>
    <Order>13</Order>
  </Lookup>-->
  <!--<Lookup>
    <GUID>63213001-0741-4A79-88F6-601D753156BD</GUID>
    <LookupType>analysis</LookupType>
    <EnumerationValue>AREA_CALCULATION</EnumerationValue>
    <Displayed_LA>DFD2A4FC-750A-475D-8A31-E806D1383E36</Displayed_LA>
    <Order>14</Order>
  </Lookup>-->
  <!--<Lookup>
    <GUID>CCA6A33B-5FE1-4C83-B313-F699D2AB0C63</GUID>
    <LookupType>analysis</LookupType>
    <EnumerationValue>DCUW_AREA</EnumerationValue>
    <Displayed_LA>C2B177EF-9A6E-40C5-8031-5E663E38F6F0</Displayed_LA>
    <Order>15</Order>
  </Lookup>-->
  <!--<Lookup>
    <GUID>005CED87-4BAD-4069-A9D9-EC83A12FD459</GUID>
    <LookupType>analysis</LookupType>
    <EnumerationValue>FACTOR</EnumerationValue>
    <Displayed_LA>8B9A0B4A-3736-4EAB-9428-3681F8A5AA64</Displayed_LA>
    <Order>16</Order>
  </Lookup>-->
  
<!--//////////////////////////////// MODALITY ////////////////////////////////////-->
  <!--<Lookup>
    <GUID>CEEEA4EE-561D-4040-B58C-2AF65F56528B</GUID>
    <LookupType>modality</LookupType>
    <EnumerationValue>video</EnumerationValue>
    <Displayed_LA>E14E41C2-03D2-40A8-9454-FA8B827AC9AE</Displayed_LA>
    <Order>4</Order>
    </Lookup>-->
  <Lookup>
    <GUID>F1B68649-5A54-430E-9368-0014EA5AF30A</GUID>
    <LookupType>modality</LookupType>
    <EnumerationValue>image</EnumerationValue>
    <Displayed_LA>143A7D03-8A8D-4C16-9777-F6EADEC1CC27</Displayed_LA>
    <Order>1</Order>
  </Lookup>
  <Lookup>
    <GUID>2AC26A69-0BF7-4D6B-9AE7-5BE5ECB43A26</GUID>
    <LookupType>modality</LookupType>
    <EnumerationValue>text</EnumerationValue>
    <Displayed_LA>F4C90F2E-3268-4325-9F82-2C9884541AD9</Displayed_LA>
    <Order>2</Order>
  </Lookup>
  
  <!--//////////////////////////////// SETUP TYPE ////////////////////////////////////-->
  <Lookup>
    <GUID>D3675A08-4B7A-4C4E-9EC9-066547EF3F93</GUID>
    <LookupType>setuptype</LookupType>
    <EnumerationValue>specificissue</EnumerationValue>
    <Displayed_LA>F089326C-DF9F-46B8-98F7-F7D0FE00DE15</Displayed_LA>
    <Order>1</Order>
  </Lookup>
  <Lookup>
    <GUID>6E4A423C-2620-4BD6-8854-172D715F4B18</GUID>
    <LookupType>setuptype</LookupType>
    <EnumerationValue>specificscreening</EnumerationValue>
    <Displayed_LA>B623263B-F175-4C4F-8242-283250DAFA8B</Displayed_LA>
    <Order>2</Order>
  </Lookup>
  <Lookup>
    <GUID>D03735A6-4225-4822-83DC-F481DFE945A1</GUID>
    <LookupType>setuptype</LookupType>
    <EnumerationValue>other</EnumerationValue>
    <Displayed_LA>D757708B-8403-40A8-AE85-1EDD26D27E7C</Displayed_LA>
    <Order>3</Order>
  </Lookup>
  
  <Lookup>
    <GUID>7CA6299B-0EA7-478D-B117-01206E6CF62E</GUID>
    <LookupType>country</LookupType>
    <EnumerationValue>MK</EnumerationValue>
    <Displayed_LA>56C0EE61-EFE4-451B-8935-9F91643E1B01</Displayed_LA>
    <Order>73</Order>
  </Lookup>
  <Lookup>
    <GUID>C7AEE1E9-2D8F-45A0-AF63-017F02897DD0</GUID>
    <LookupType>country</LookupType>
    <EnumerationValue>FR</EnumerationValue>
    <Displayed_LA>B606ABCA-21FB-4ECD-8433-B2238E7D756D</Displayed_LA>
    <Order>38</Order>
  </Lookup>
  <Lookup>
    <GUID>9D09D71E-5ACC-4A23-B76B-027694EF2CE7</GUID>
    <LookupType>factcategory</LookupType>
    <EnumerationValue>target</EnumerationValue>
    <Displayed_LA>8C339F8B-87C0-4921-81CF-E01DFD49A749</Displayed_LA>
    <Order>1</Order>
  </Lookup>
  
  <Lookup>
    <GUID>FF392E09-74F4-42A0-AF9D-06830D4AD1CA</GUID>
    <LookupType>country</LookupType>
    <EnumerationValue>NL</EnumerationValue>
    <Displayed_LA>9D614870-884C-4230-9AFD-9A6E8F1D5D00</Displayed_LA>
    <Order>84</Order>
  </Lookup>
  <Lookup>
    <GUID>35D9E782-D862-4D54-BC70-06FC6CBC7180</GUID>
    <LookupType>country</LookupType>
    <EnumerationValue>AF</EnumerationValue>
    <Displayed_LA>16ED8663-1DB5-4DCB-B86E-DAF205ABC484</Displayed_LA>
    <Order>1</Order>
  </Lookup>
  <Lookup>
    <GUID>CE9AB041-A20C-458A-87E2-07D6D657A110</GUID>
    <LookupType>country</LookupType>
    <EnumerationValue>SI</EnumerationValue>
    <Displayed_LA>342F4246-8448-466C-A78F-60632DF2729C</Displayed_LA>
    <Order>109</Order>
  </Lookup>
  <Lookup>
    <GUID>8C6D7D4F-34F6-4C3C-907C-08980E2AC7EA</GUID>
    <LookupType>country</LookupType>
    <EnumerationValue>BA</EnumerationValue>
    <Displayed_LA>01E3BD2C-7EEF-4348-8EEF-0C07A1F7B0CC</Displayed_LA>
    <Order>16</Order>
  </Lookup>
  <Lookup>
    <GUID>763B7898-41C1-4E9F-803F-0CA6B4464014</GUID>
    <LookupType>country</LookupType>
    <EnumerationValue>IR</EnumerationValue>
    <Displayed_LA>A6CC8B34-A596-4BD4-9049-4D2499600943</Displayed_LA>
    <Order>51</Order>
  </Lookup>
  <Lookup>
    <GUID>F87AE2A9-41E1-4605-BA14-0CD326120719</GUID>
    <LookupType>country</LookupType>
    <EnumerationValue>VN</EnumerationValue>
    <Displayed_LA>DEAD3435-6758-468F-92B0-3ABBBFBCAAFE</Displayed_LA>
    <Order>129</Order>
  </Lookup>
  <Lookup>
    <GUID>7DEFA745-8B82-4DED-93AF-0E2AD1DACA3C</GUID>
    <LookupType>country</LookupType>
    <EnumerationValue>ZW</EnumerationValue>
    <Displayed_LA>4F0828CF-957C-4CB3-80A5-1C494492E3D8</Displayed_LA>
    <Order>131</Order>
  </Lookup>
  <Lookup>
    <GUID>A2F8B4E2-C559-4F03-A5A2-0F85137521F1</GUID>
    <LookupType>country</LookupType>
    <EnumerationValue>TR</EnumerationValue>
    <Displayed_LA>B73463CC-9B6E-4641-ADC1-557B1C4E385D</Displayed_LA>
    <Order>121</Order>
  </Lookup>
  <Lookup>
    <GUID>652817ED-56C8-4A57-B7DC-0FD633431A22</GUID>
    <LookupType>wunit</LookupType>
    <EnumerationValue>KG</EnumerationValue>
    <Displayed_LA>2B7F49C8-BE33-442F-A153-487A2CEF3E4A</Displayed_LA>
    <Order>2</Order>
  </Lookup>
  <Lookup>
    <GUID>1E08339F-7CA6-44C1-A7B0-11D517DCE0E1</GUID>
    <LookupType>status</LookupType>
    <EnumerationValue>InActive</EnumerationValue>
    <Displayed_LA>7C0677E2-0135-4D09-97EE-5F70887C2D17</Displayed_LA>
    <Order>2</Order>
  </Lookup>
  <Lookup>
    <GUID>F9C3582D-B446-42E2-9F62-11F103725E9D</GUID>
    <LookupType>country</LookupType>
    <EnumerationValue>BE</EnumerationValue>
    <Displayed_LA>C925AC04-6193-4FC8-9E92-A543D7832534</Displayed_LA>
    <Order>12</Order>
  </Lookup>
  <Lookup>
    <GUID>AD083CF4-AAA6-49B7-B763-141425149317</GUID>
    <LookupType>country</LookupType>
    <EnumerationValue>AZ</EnumerationValue>
    <Displayed_LA>F240109D-2A4B-4346-B791-14258FD4919C</Displayed_LA>
    <Order>8</Order>
  </Lookup>
  
  <Lookup>
    <GUID>9129869C-43E4-498E-B001-178D8E95B71D</GUID>
    <LookupType>country</LookupType>
    <EnumerationValue>PY</EnumerationValue>
    <Displayed_LA>2AD1DBF6-6E66-4AD8-9896-C4B0D3202A11</Displayed_LA>
    <Order>91</Order>
  </Lookup>
  <Lookup>
    <GUID>BD951EDC-2AB5-420F-B283-186A5351CADA</GUID>
    <LookupType>country</LookupType>
    <EnumerationValue>NO</EnumerationValue>
    <Displayed_LA>7A82AE9D-C1A9-4F9C-BCE8-CBB9A4938929</Displayed_LA>
    <Order>88</Order>
  </Lookup>
  <Lookup>
    <GUID>E1CD5332-DA25-444C-AADF-18ED2DD856E3</GUID>
    <LookupType>country</LookupType>
    <EnumerationValue>IL</EnumerationValue>
    <Displayed_LA>A3012E27-4A2C-4586-AD42-E72DFC9F6487</Displayed_LA>
    <Order>55</Order>
  </Lookup>
  <Lookup>
    <GUID>E05AC898-76F9-4BA3-B097-1DE3DED441F9</GUID>
    <LookupType>country</LookupType>
    <EnumerationValue>AT</EnumerationValue>
    <Displayed_LA>537C9DD0-0F9A-4C13-8FDF-CF154E5A2D75</Displayed_LA>
    <Order>7</Order>
  </Lookup>
  <Lookup>
    <GUID>E2FD7370-6B88-4E64-A5AA-21BC51C2F7CD</GUID>
    <LookupType>country</LookupType>
    <EnumerationValue>CN</EnumerationValue>
    <Displayed_LA>83C18C70-2941-4C47-B4A5-D08858D207E0</Displayed_LA>
    <Order>24</Order>
  </Lookup>
  <Lookup>
    <GUID>33C43DD0-EB7F-422D-B89D-2266042C658E</GUID>
    <LookupType>country</LookupType>
    <EnumerationValue>MO</EnumerationValue>
    <Displayed_LA>6A47F52A-D79D-4334-BFE6-AE53353B7F50</Displayed_LA>
    <Order>72</Order>
  </Lookup>
  <Lookup>
    <GUID>812E4D4F-B8D1-4EF4-B96D-22DF3D04A5BA</GUID>
    <LookupType>country</LookupType>
    <EnumerationValue>BD</EnumerationValue>
    <Displayed_LA>F772BE8D-D9AF-4E4A-96BF-94B90BAF606A</Displayed_LA>
    <Order>10</Order>
  </Lookup>
  <Lookup>
    <GUID>04C32539-78AB-42AB-B75D-241EFCC02BFE</GUID>
    <LookupType>country</LookupType>
    <EnumerationValue>YE</EnumerationValue>
    <Displayed_LA>CFD6B749-3A11-4CB7-8AE8-BC40AF64D8D8</Displayed_LA>
    <Order>130</Order>
  </Lookup>
  <Lookup>
    <GUID>3239919E-DEAE-45E2-B6CE-250BEF778038</GUID>
    <LookupType>country</LookupType>
    <EnumerationValue>AM</EnumerationValue>
    <Displayed_LA>7D456CA3-5001-4BDC-8B21-382E7FC1A856</Displayed_LA>
    <Order>5</Order>
  </Lookup>
  <Lookup>
    <GUID>08DF512A-88DC-4967-ABED-257AC352A438</GUID>
    <LookupType>hunit</LookupType>
    <EnumerationValue>IN</EnumerationValue>
    <Displayed_LA>B1EAA174-E31D-497C-869D-6FDE6554FD11</Displayed_LA>
    <Order>1</Order>
  </Lookup>
  <Lookup>
    <GUID>DD1E2BDF-8561-4480-97F6-27D6882141FE</GUID>
    <LookupType>country</LookupType>
    <EnumerationValue>PR</EnumerationValue>
    <Displayed_LA>6E28322D-090F-4070-BE1D-0B3168BCEA1C</Displayed_LA>
    <Order>98</Order>
  </Lookup>
  <Lookup>
    <GUID>3E5259E1-8343-49EE-8192-281C24EA8F9C</GUID>
    <LookupType>eyecolor</LookupType>
    <EnumerationValue>HAZ</EnumerationValue>
    <Displayed_LA>4B9FCE6B-0C25-49ED-AE76-E234CC73A7DC</Displayed_LA>
    <Order>6</Order>
  </Lookup>
  <Lookup>
    <GUID>9965A213-9A5A-4DFF-8779-29828C3BBACF</GUID>
    <LookupType>eyecolor</LookupType>
    <EnumerationValue>PNK</EnumerationValue>
    <Displayed_LA>0C88EE15-367B-4429-BBAA-FDDBEB56AAFC</Displayed_LA>
    <Order>8</Order>
  </Lookup>
  <Lookup>
    <GUID>168A2266-4AA2-401F-99F2-2A075ABEC80E</GUID>
    <LookupType>country</LookupType>
    <EnumerationValue>KZ</EnumerationValue>
    <Displayed_LA>5C6761AC-5224-443E-A507-4ACAEF35D3C6</Displayed_LA>
    <Order>60</Order>
  </Lookup>
  <Lookup>
    <GUID>C564BE2F-3809-48EE-8549-2AB4949AA83D</GUID>
    <LookupType>country</LookupType>
    <EnumerationValue>TW</EnumerationValue>
    <Displayed_LA>F8ACCB64-9FDA-4556-A075-68EAB1943EDD</Displayed_LA>
    <Order>116</Order>
  </Lookup>
  
  <Lookup>
    <GUID>E26D34F6-311E-47AB-97AF-2BC8C7568976</GUID>
    <LookupType>country</LookupType>
    <EnumerationValue>BR</EnumerationValue>
    <Displayed_LA>B907C08E-657B-4E61-8754-114CDD5321EE</Displayed_LA>
    <Order>17</Order>
  </Lookup>
  <Lookup>
    <GUID>AE6AB414-5AED-4841-970C-2D2E2F8C383A</GUID>
    <LookupType>country</LookupType>
    <EnumerationValue>JP</EnumerationValue>
    <Displayed_LA>62C3238E-3635-4E7B-9377-64A69E7F918B</Displayed_LA>
    <Order>58</Order>
  </Lookup>
  <Lookup>
    <GUID>81ABD3E4-3554-4675-AB5B-2E5551D99FD3</GUID>
    <LookupType>country</LookupType>
    <EnumerationValue>RO</EnumerationValue>
    <Displayed_LA>3B2C7ABF-FEA1-4685-9E73-D4459CCE6B65</Displayed_LA>
    <Order>101</Order>
  </Lookup>
  <Lookup>
    <GUID>146E27D4-7AF3-45BD-9830-341847A2E898</GUID>
    <LookupType>country</LookupType>
    <EnumerationValue>CH</EnumerationValue>
    <Displayed_LA>7F48D3A6-891F-4FBF-82A0-97134778D7A4</Displayed_LA>
    <Order>114</Order>
  </Lookup>
  <Lookup>
    <GUID>051046BC-7CF8-4DF4-AEC4-3479C5C8E9C8</GUID>
    <LookupType>country</LookupType>
    <EnumerationValue>TJ</EnumerationValue>
    <Displayed_LA>A8025EAE-0EC9-4B34-83BC-FD44F4197C98</Displayed_LA>
    <Order>117</Order>
  </Lookup>
  <Lookup>
    <GUID>25A18283-10B1-44FB-94F5-34BFE2AE0D5E</GUID>
    <LookupType>country</LookupType>
    <EnumerationValue>RS</EnumerationValue>
    <Displayed_LA>18AECB40-EFB6-42B3-A349-2BBECFAC1205</Displayed_LA>
    <Order>106</Order>
  </Lookup>
  <Lookup>
    <GUID>56A13261-8EC8-4F94-B678-34EFE00257EE</GUID>
    <LookupType>country</LookupType>
    <EnumerationValue>MT</EnumerationValue>
    <Displayed_LA>00F4792C-512D-46C0-A4E9-A1F0F8621345</Displayed_LA>
    <Order>76</Order>
  </Lookup>
  <Lookup>
    <GUID>8BBFB354-E2CE-4618-A859-354D2F5DED5B</GUID>
    <LookupType>race</LookupType>
    <EnumerationValue>H</EnumerationValue>
    <Displayed_LA>DD8FEB07-4C32-4F1F-AD39-9F1BCCADBFAE</Displayed_LA>
    <Order>4</Order>
  </Lookup>
  <Lookup>
    <GUID>49997326-1C8E-47D5-A89A-3DD5C666D2E2</GUID>
    <LookupType>country</LookupType>
    <EnumerationValue>AL</EnumerationValue>
    <Displayed_LA>FAEEC657-881D-4D16-B6A2-EA285D529957</Displayed_LA>
    <Order>2</Order>
  </Lookup>
  <Lookup>
    <GUID>1360925F-9F1D-4545-88A8-3F3E3BFF4ECB</GUID>
    <LookupType>country</LookupType>
    <EnumerationValue>LK</EnumerationValue>
    <Displayed_LA>F33D0F34-E64A-4B45-9999-A9F5BCF7A1B0</Displayed_LA>
    <Order>112</Order>
  </Lookup>
  <Lookup>
    <GUID>B3C21B3C-7A50-44BC-8DC5-404843D0F5D0</GUID>
    <LookupType>hunit</LookupType>
    <EnumerationValue>CM</EnumerationValue>
    <Displayed_LA>630BCAC7-7823-42C9-B5E9-D1980478D229</Displayed_LA>
    <Order>2</Order>
  </Lookup>
  <Lookup>
    <GUID>38A75F82-06ED-40E2-8DCB-4203B9F0483C</GUID>
    <LookupType>country</LookupType>
    <EnumerationValue>JO</EnumerationValue>
    <Displayed_LA>6D5F3F3A-1693-443B-99F6-D247983C0182</Displayed_LA>
    <Order>59</Order>
  </Lookup>
  <Lookup>
    <GUID>C3158D34-6ACB-4EDC-BE62-43240779AFAB</GUID>
    <LookupType>country</LookupType>
    <EnumerationValue>AU</EnumerationValue>
    <Displayed_LA>F654BD57-E572-4C5B-97EB-E9C81F441711</Displayed_LA>
    <Order>6</Order>
  </Lookup>
  <Lookup>
    <GUID>BDB51229-D6B8-43EA-AC40-43EA2494A3AB</GUID>
    <LookupType>country</LookupType>
    <EnumerationValue>MY</EnumerationValue>
    <Displayed_LA>1DC002C6-B946-4EEB-94CD-21C66F4ABFA2</Displayed_LA>
    <Order>74</Order>
  </Lookup>
  <Lookup>
    <GUID>65B9693A-042B-4DB5-9D47-440EFA204389</GUID>
    <LookupType>country</LookupType>
    <EnumerationValue>SA</EnumerationValue>
    <Displayed_LA>C190554A-59C0-4C1A-8A76-6F19396E87EB</Displayed_LA>
    <Order>104</Order>
  </Lookup>
  <Lookup>
    <GUID>2A496164-BB8E-48D2-A4E5-446CF82030F4</GUID>
    <LookupType>eyecolor</LookupType>
    <EnumerationValue>BLK</EnumerationValue>
    <Displayed_LA>84FDF822-1F39-4F51-85E5-05DA1F12FABC</Displayed_LA>
    <Order>1</Order>
  </Lookup>
  <Lookup>
    <GUID>6CDD95DC-9792-4123-B7B6-45A7A030ED57</GUID>
    <LookupType>country</LookupType>
    <EnumerationValue>DZ</EnumerationValue>
    <Displayed_LA>C8322BE0-8E75-457E-920E-13CA5156F7F8</Displayed_LA>
    <Order>3</Order>
  </Lookup>
  <Lookup>
    <GUID>D848A03F-53CD-47F1-A8D4-4A509C9B8E72</GUID>
    <LookupType>country</LookupType>
    <EnumerationValue>BY</EnumerationValue>
    <Displayed_LA>46F0162A-8762-4FF4-B1AB-60F1D273242B</Displayed_LA>
    <Order>11</Order>
  </Lookup>
  <Lookup>
    <GUID>94DE69FA-9DF8-43F0-8FF2-4BF1E3029F3A</GUID>
    <LookupType>country</LookupType>
    <EnumerationValue>LV</EnumerationValue>
    <Displayed_LA>6BD313D3-8FC7-4625-917E-0DB8A33B9F89</Displayed_LA>
    <Order>66</Order>
  </Lookup>
  <Lookup>
    <GUID>4C36B36B-60E8-46DC-B583-4C7C2CAB1B3E</GUID>
    <LookupType>country</LookupType>
    <EnumerationValue>PA</EnumerationValue>
    <Displayed_LA>8ACC8C55-C8B4-48AB-8810-1EC8DFAD8D55</Displayed_LA>
    <Order>90</Order>
  </Lookup>
  <Lookup>
    <GUID>552F9182-C3C1-4239-BD55-517B2C3FB945</GUID>
    <LookupType>haircolor</LookupType>
    <EnumerationValue>UNK</EnumerationValue>
    <Displayed_LA>12C677E2-2DCB-4553-BD41-A39B7B7E3A4F</Displayed_LA>
    <Order>9</Order>
  </Lookup>
  <Lookup>
    <GUID>CCF659E3-4465-4F4A-A082-52381EBC8B89</GUID>
    <LookupType>country</LookupType>
    <EnumerationValue>UY</EnumerationValue>
    <Displayed_LA>E4511487-ABDE-4230-B692-8D8B74D6BC23</Displayed_LA>
    <Order>126</Order>
  </Lookup>
  <Lookup>
    <GUID>903D66AE-E021-4B06-991E-550713669464</GUID>
    <LookupType>country</LookupType>
    <EnumerationValue>IN</EnumerationValue>
    <Displayed_LA>9364A37E-DEE5-4B85-9F76-C6C6D1337360</Displayed_LA>
    <Order>49</Order>
  </Lookup>
  <Lookup>
    <GUID>96E7C814-1212-452D-A20B-55700A39A93A</GUID>
    <LookupType>license</LookupType>
    <EnumerationValue>1002</EnumerationValue>
    <Displayed_LA>B4194E0A-B638-4FB9-8FF6-A2C39B8F6B84</Displayed_LA>
    <Order>2</Order>
  </Lookup>
  <Lookup>
    <GUID>CF5B5025-B78A-4CDC-A92C-55BADD52365E</GUID>
    <LookupType>eyecolor</LookupType>
    <EnumerationValue>BLU</EnumerationValue>
    <Displayed_LA>E3C44EDF-57B4-4E45-A37D-4D7A9F833428</Displayed_LA>
    <Order>2</Order>
  </Lookup>
  <Lookup>
    <GUID>3F76BDDA-98E8-45B1-A5DE-5648EB6D2E75</GUID>
    <LookupType>country</LookupType>
    <EnumerationValue>VE</EnumerationValue>
    <Displayed_LA>3EE6B449-0004-455D-9588-EE84405311C4</Displayed_LA>
    <Order>14</Order>
  </Lookup>
  <Lookup>
    <GUID>FA386C77-E6CC-4143-8F8E-581337751546</GUID>
    <LookupType>country</LookupType>
    <EnumerationValue>SY</EnumerationValue>
    <Displayed_LA>415A076F-142B-495B-9BF1-62C861EA7515</Displayed_LA>
    <Order>115</Order>
  </Lookup>
  <Lookup>
    <GUID>F92F2E7C-3B78-4A1D-9306-58311E595D0C</GUID>
    <LookupType>country</LookupType>
    <EnumerationValue>CR</EnumerationValue>
    <Displayed_LA>728067C6-F34F-47E0-A839-7F917595FF37</Displayed_LA>
    <Order>26</Order>
  </Lookup>
  <Lookup>
    <GUID>7DD46472-5A6C-4C6B-A65F-59F1F6AA7AF1</GUID>
    <LookupType>country</LookupType>
    <EnumerationValue>OM</EnumerationValue>
    <Displayed_LA>9A172AC5-4982-41DC-8506-633A688B6DA0</Displayed_LA>
    <Order>89</Order>
  </Lookup>
  <Lookup>
    <GUID>6E2C70B9-D795-4D80-B56D-5A3088A57DC7</GUID>
    <LookupType>country</LookupType>
    <EnumerationValue>PT</EnumerationValue>
    <Displayed_LA>0AD6D82F-7D75-45B0-B806-A06FAE050CA5</Displayed_LA>
    <Order>96</Order>
  </Lookup>
  <Lookup>
    <GUID>66AE3132-95A8-46A7-A9B6-5BE2DF5D2EFE</GUID>
    <LookupType>country</LookupType>
    <EnumerationValue>FO</EnumerationValue>
    <Displayed_LA>2931160F-0ACE-4ACE-9CD5-EC953680C151</Displayed_LA>
    <Order>36</Order>
  </Lookup>
  
  <Lookup>
    <GUID>3AB8466E-66BC-4144-8B19-5C23A562F148</GUID>
    <LookupType>country</LookupType>
    <EnumerationValue>SE</EnumerationValue>
    <Displayed_LA>C3AAEA10-DA71-4A7C-BE96-0A527A33FE82</Displayed_LA>
    <Order>113</Order>
  </Lookup>
  <Lookup>
    <GUID>F2D1BC0F-1DBF-4372-B1D8-5CA61E6C1BCF</GUID>
    <LookupType>country</LookupType>
    <EnumerationValue>LT</EnumerationValue>
    <Displayed_LA>735676E1-AE97-4C23-8BD2-78C452803F79</Displayed_LA>
    <Order>70</Order>
  </Lookup>
  <Lookup>
    <GUID>E9084F86-0BBE-49B7-9701-5DB840D6E355</GUID>
    <LookupType>haircolor</LookupType>
    <EnumerationValue>BLN</EnumerationValue>
    <Displayed_LA>D11226EB-5E3F-498A-91EA-1628783DED90</Displayed_LA>
    <Order>3</Order>
  </Lookup>
  <Lookup>
    <GUID>0B039521-2A7A-4B94-A0AF-5E9D3E4795F1</GUID>
    <LookupType>country</LookupType>
    <EnumerationValue>TM</EnumerationValue>
    <Displayed_LA>DD8675FB-24E5-4A01-B2C5-2E0A9F8644D3</Displayed_LA>
    <Order>122</Order>
  </Lookup>
  <Lookup>
    <GUID>F98C73C7-2B54-4621-9D94-5FEE13A5CFEC</GUID>
    <LookupType>country</LookupType>
    <EnumerationValue>PH</EnumerationValue>
    <Displayed_LA>DA5C5DA8-8D87-4802-BF26-E7B80E658ECA</Displayed_LA>
    <Order>100</Order>
  </Lookup>
  <Lookup>
    <GUID>0DE0591E-B189-44DD-8A13-61C25E0E7480</GUID>
    <LookupType>country</LookupType>
    <EnumerationValue>UK</EnumerationValue>
    <Displayed_LA>33C080F6-EB60-46CF-B905-A7D541FD4BF2</Displayed_LA>
    <Order>125</Order>
  </Lookup>
  <Lookup>
    <GUID>6FD066C7-997C-400E-B724-62942D507A63</GUID>
    <LookupType>contact</LookupType>
    <EnumerationValue>EMAIL</EnumerationValue>
    <Displayed_LA>071096BC-5D12-47F6-8158-C90224199D21</Displayed_LA>
    <Order>2</Order>
  </Lookup>
  <Lookup>
    <GUID>2FD96F27-6FB7-472A-B0EA-65A6DEE05328</GUID>
    <LookupType>country</LookupType>
    <EnumerationValue>KE</EnumerationValue>
    <Displayed_LA>90413D32-B644-4AD9-B551-FE8E17FDFAF7</Displayed_LA>
    <Order>61</Order>
  </Lookup>
  <Lookup>
    <GUID>FC95F868-A46F-4E31-96EA-69D0480B2994</GUID>
    <LookupType>gender</LookupType>
    <EnumerationValue>2</EnumerationValue>
    <Displayed_LA>0AC66011-D660-429C-AC8F-005F64E0AF4B</Displayed_LA>
    <Order>3</Order>
  </Lookup>
  <Lookup>
    <GUID>39ECA0BF-9BEE-4C10-862A-6A7BFC1E80B9</GUID>
    <LookupType>country</LookupType>
    <EnumerationValue>PE</EnumerationValue>
    <Displayed_LA>D6E84861-D19E-4E7E-B178-C9FC9847958C</Displayed_LA>
    <Order>93</Order>
  </Lookup>
  <Lookup>
    <GUID>2872568F-D440-4C9D-8D6A-6AB710F0DC76</GUID>
    <LookupType>country</LookupType>
    <EnumerationValue>CL</EnumerationValue>
    <Displayed_LA>EC9E2768-A0C4-4D2B-AEAD-7C5BFE37532A</Displayed_LA>
    <Order>23</Order>
  </Lookup>
  <!--<Lookup><GUID>274CC3C9-120D-4F70-AD76-6BC6B71E9A85</GUID><LookupType>modality</LookupType><EnumerationValue>audio</EnumerationValue><Displayed_LA>2083D138-A4F5-46FB-B76D-0C38E9B12C4D</Displayed_LA><Order>3</Order></Lookup>-->
  <Lookup>
    <GUID>3D69414A-7CB9-4E18-AF72-6BF916538D21</GUID>
    <LookupType>race</LookupType>
    <EnumerationValue>AI</EnumerationValue>
    <Displayed_LA>2F719BAC-2540-4271-BFB8-742C6D35AA13</Displayed_LA>
    <Order>3</Order>
  </Lookup>
  <Lookup>
    <GUID>E472849D-A111-4541-989A-6D16B1E1A2F2</GUID>
    <LookupType>eyecolor</LookupType>
    <EnumerationValue>GRN</EnumerationValue>
    <Displayed_LA>417C2395-F859-4971-B33C-39F261B0075E</Displayed_LA>
    <Order>5</Order>
  </Lookup>
  <Lookup>
    <GUID>EE807F93-A8FF-40BF-8B36-6EDDA418DF91</GUID>
    <LookupType>country</LookupType>
    <EnumerationValue>MV</EnumerationValue>
    <Displayed_LA>DCEFC97A-E751-4011-BC56-D2BF9172AAA6</Displayed_LA>
    <Order>75</Order>
  </Lookup>
  <Lookup>
    <GUID>3E701446-89A4-4672-904A-71868703B58B</GUID>
    <LookupType>country</LookupType>
    <EnumerationValue>TT</EnumerationValue>
    <Displayed_LA>79CCBE27-54E0-4F10-9AC1-71F78BF35242</Displayed_LA>
    <Order>119</Order>
  </Lookup>
  <Lookup>
    <GUID>1F5C5495-19F7-4C9E-966D-73B7C8D22DF2</GUID>
    <EnumerationValue>CO</EnumerationValue>
    <Displayed_LA>8FABB81F-72A9-4EC3-A9EB-C0DC420D2262</Displayed_LA>
    <Order>25</Order>
  </Lookup>
  <Lookup>
    <GUID>64DF05B1-8D62-4FBE-9C9E-751234E9CEB7</GUID>
    <LookupType>country</LookupType>
    <EnumerationValue>IE</EnumerationValue>
    <Displayed_LA>9F7F3917-E6C1-4321-8245-1553C66E2CFA</Displayed_LA>
    <Order>53</Order>
  </Lookup>
  <Lookup>
    <GUID>7C5A03F5-942C-4C44-8AD4-7543B4FC8B3D</GUID>
    <LookupType>haircolor</LookupType>
    <EnumerationValue>RED</EnumerationValue>
    <Displayed_LA>84BBD9C8-0D6E-43BB-B832-1D5304926648</Displayed_LA>
    <Order>6</Order>
  </Lookup>
  <Lookup>
    <GUID>5F0E144D-A5D6-4191-91DB-7638EA83C164</GUID>
    <LookupType>country</LookupType>
    <EnumerationValue>SV</EnumerationValue>
    <Displayed_LA>72574A53-8EAA-403F-8AF1-30833DD81B4B</Displayed_LA>
    <Order>33</Order>
  </Lookup>
  
  <Lookup>
    <GUID>41DC92B2-5773-46B0-8BFF-7A1A84C78F91</GUID>
    <LookupType>country</LookupType>
    <EnumerationValue>KG</EnumerationValue>
    <Displayed_LA>E28F78C5-BDDD-4510-B96E-FF9B181F7B06</Displayed_LA>
    <Order>64</Order>
  </Lookup>
  <Lookup>
    <GUID>3D145DC7-D851-43EC-9666-7AAE43894998</GUID>
    <LookupType>country</LookupType>
    <EnumerationValue>GB</EnumerationValue>
    <Displayed_LA>F80BF11F-505D-44F3-94D3-EF78D3897936</Displayed_LA>
    <Order>41</Order>
  </Lookup>
  <Lookup>
    <GUID>3F054DCA-E29D-4DB2-98AB-7B28AEABB4D6</GUID>
    <LookupType>country</LookupType>
    <EnumerationValue>MN</EnumerationValue>
    <Displayed_LA>9675738A-DEC6-45C8-95B3-95E974ABB1B9</Displayed_LA>
    <Order>80</Order>
  </Lookup>
  <Lookup>
    <GUID>C175BEF8-AF52-4C3D-B034-7C22B056AF7A</GUID>
    <LookupType>country</LookupType>
    <EnumerationValue>NG</EnumerationValue>
    <Displayed_LA>0698B482-FB72-4ACC-8C98-93788925025D</Displayed_LA>
    <Order>87</Order>
  </Lookup>
  <Lookup>
    <GUID>2A9037E9-22C2-44E5-AA76-7CC09F4B8B4C</GUID>
    <LookupType>gender</LookupType>
    <EnumerationValue>0</EnumerationValue>
    <Displayed_LA>12C677E2-2DCB-4553-BD41-A39B7B7E3A4F</Displayed_LA>
    <Order>1</Order>
  </Lookup>
  <Lookup>
    <GUID>1B548E64-DED9-43D2-AB28-80A261038EDE</GUID>
    <LookupType>country</LookupType>
    <EnumerationValue>UA</EnumerationValue>
    <Displayed_LA>CC1BCA86-EA1D-4ABA-B8B9-F1EB3EA122DF</Displayed_LA>
    <Order>124</Order>
  </Lookup>
  <Lookup>
    <GUID>8B333091-36A3-4883-8FF5-819BB3CB1BBC</GUID>
    <LookupType>country</LookupType>
    <EnumerationValue>DE</EnumerationValue>
    <Displayed_LA>5F43B1F7-217E-4F6D-BB2F-FD3684051FA6</Displayed_LA>
    <Order>40</Order>
  </Lookup>
  <Lookup>
    <GUID>9313E46D-E67F-4F90-A660-8383A21185CF</GUID>
    <LookupType>race</LookupType>
    <EnumerationValue>W</EnumerationValue>
    <Displayed_LA>7B83A044-982F-4BAB-A214-02E903C7290E</Displayed_LA>
    <Order>1</Order>
  </Lookup>
  <Lookup>
    <GUID>5D8AAC8D-47FB-40A1-83B8-83E0267EE67E</GUID>
    <LookupType>country</LookupType>
    <EnumerationValue>TH</EnumerationValue>
    <Displayed_LA>3DC69E02-B925-4194-8B6D-E0D55D2D121E</Displayed_LA>
    <Order>118</Order>
  </Lookup>
  <Lookup>
    <GUID>8C94F97D-2BB3-45BA-BEA5-845347E5183F</GUID>
    <LookupType>country</LookupType>
    <EnumerationValue>LI</EnumerationValue>
    <Displayed_LA>F64CEA80-27BF-494E-9D74-0158296B84D1</Displayed_LA>
    <Order>69</Order>
  </Lookup>
  <Lookup>
    <GUID>DCB43F0A-9BC0-47F9-A11C-845F94830C84</GUID>
    <LookupType>country</LookupType>
    <EnumerationValue>AE</EnumerationValue>
    <Displayed_LA>6BA48CD6-DEC0-4C54-AD39-9A8790C93A96</Displayed_LA>
    <Order>123</Order>
  </Lookup>
  <Lookup>
    <GUID>C3657982-750A-4C56-BC62-849F90161632</GUID>
    <LookupType>country</LookupType>
    <EnumerationValue>LB</EnumerationValue>
    <Displayed_LA>E36E7AB7-37F9-43BD-B428-F58137621DBA</Displayed_LA>
    <Order>67</Order>
  </Lookup>
  <Lookup>
    <GUID>C666AD3E-2DC6-48F6-BB80-87FF50B1C91E</GUID>
    <LookupType>country</LookupType>
    <EnumerationValue>MA</EnumerationValue>
    <Displayed_LA>9637095E-3472-4AF0-A714-4FF42F994717</Displayed_LA>
    <Order>82</Order>
  </Lookup>
  <Lookup>
    <GUID>F43483FE-67B8-47FA-9312-8CB4E0534E37</GUID>
    <LookupType>wunit</LookupType>
    <EnumerationValue>LB</EnumerationValue>
    <Displayed_LA>CC68C5B2-994C-4BB2-8D93-D401811AFCD2</Displayed_LA>
    <Order>1</Order>
  </Lookup>
  <Lookup>
    <GUID>EBAABB32-CDEE-41AC-8153-8E61FC8D4D12</GUID>
    <LookupType>country</LookupType>
    <EnumerationValue>IQ</EnumerationValue>
    <Displayed_LA>154F2141-CA0E-4571-BA27-AA55F193AF54</Displayed_LA>
    <Order>52</Order>
  </Lookup>
  <Lookup>
    <GUID>310F71DE-F513-4553-89C1-8EE966AF449D</GUID>
    <LookupType>haircolor</LookupType>
    <EnumerationValue>GRY</EnumerationValue>
    <Displayed_LA>BAB75B0E-83D4-4A33-984B-FF97E8B00F17</Displayed_LA>
    <Order>5</Order>
  </Lookup>
  <Lookup>
    <GUID>0E4E1149-C1E3-4864-BE7C-91CA7C3644DF</GUID>
    <LookupType>country</LookupType>
    <EnumerationValue>GT</EnumerationValue>
    <Displayed_LA>804539D0-736C-4BD7-A8AE-93EA501F4C32</Displayed_LA>
    <Order>44</Order>
  </Lookup>
  <Lookup>
    <GUID>FDA3542F-881A-462B-9B44-92BBAC842C2C</GUID>
    <LookupType>country</LookupType>
    <EnumerationValue>EC</EnumerationValue>
    <Displayed_LA>F20DCDB2-7E20-42AD-B7F7-52688BAD80C9</Displayed_LA>
    <Order>31</Order>
  </Lookup>
  <Lookup>
    <GUID>CD002730-6F4E-449F-AEB5-948863862998</GUID>
    <LookupType>country</LookupType>
    <EnumerationValue>HN</EnumerationValue>
    <Displayed_LA>E81A9705-3C78-4257-B562-D61CABA8C2AE</Displayed_LA>
    <Order>45</Order>
  </Lookup>
  <Lookup>
    <GUID>F2200D18-5D7A-49E3-A996-94BDD8596D69</GUID>
    <LookupType>country</LookupType>
    <EnumerationValue>NZ</EnumerationValue>
    <Displayed_LA>326DBB56-D0DF-4E9B-AB0A-4F5D47124942</Displayed_LA>
    <Order>85</Order>
  </Lookup>
  <Lookup>
    <GUID>FFB5D065-1BA8-4908-A8D8-9582A074BF5A</GUID>
    <LookupType>country</LookupType>
    <EnumerationValue>KW</EnumerationValue>
    <Displayed_LA>209B6F2F-903F-4CA2-9C90-F6C4995B5F7E</Displayed_LA>
    <Order>63</Order>
  </Lookup>
  <Lookup>
    <GUID>A86667DA-5B9C-4301-BBC1-977B0A8916E6</GUID>
    <LookupType>country</LookupType>
    <EnumerationValue>EG</EnumerationValue>
    <Displayed_LA>4505FA67-6605-4A17-B706-4C70FBBC1A53</Displayed_LA>
    <Order>32</Order>
  </Lookup>
  <Lookup>
    <GUID>E8D3DCD6-E03C-43CB-BAB0-97C328733FD9</GUID>
    <LookupType>factcategory</LookupType>
    <EnumerationValue>probe</EnumerationValue>
    <Displayed_LA>059AD7FC-03BF-4697-8B7A-0648565E8984</Displayed_LA>
    <Order>2</Order>
  </Lookup>
  <Lookup>
    <GUID>107F89AF-D7C1-47BB-82A1-97E4EFA9EA8F</GUID>
    <LookupType>country</LookupType>
    <EnumerationValue>JM</EnumerationValue>
    <Displayed_LA>FE058403-F14C-4B86-B2BE-9F0A84EEDD77</Displayed_LA>
    <Order>57</Order>
  </Lookup>
  <Lookup>
    <GUID>67EF5B5C-47D7-4CB4-A0A0-984E21D46DAE</GUID>
    <LookupType>eyecolor</LookupType>
    <EnumerationValue>MAR</EnumerationValue>
    <Displayed_LA>9A1F243A-1AE5-4170-BC59-3EDACA852684</Displayed_LA>
    <Order>7</Order>
  </Lookup>
  <Lookup>
    <GUID>FB88F191-B51D-41A0-92CC-9C3340CD0CFF</GUID>
    <LookupType>country</LookupType>
    <EnumerationValue>GL</EnumerationValue>
    <Displayed_LA>7C010649-ABF1-4564-8047-0CE626883F82</Displayed_LA>
    <Order>43</Order>
  </Lookup>
  <Lookup>
    <GUID>E8D4EE55-0E7D-41A5-83F0-9E3A7DA29EE4</GUID>
    <LookupType>country</LookupType>
    <EnumerationValue>BH</EnumerationValue>
    <Displayed_LA>B2EA36A8-57C3-4F24-8323-BF622F6DDCCD</Displayed_LA>
    <Order>9</Order>
  </Lookup>
  <Lookup>
    <GUID>46ABF05F-CE18-4450-8E2D-9F88BCBDBA77</GUID>
    <LookupType>country</LookupType>
    <EnumerationValue>BG</EnumerationValue>
    <Displayed_LA>82F98B5F-42AB-401D-823A-965FD633C477</Displayed_LA>
    <Order>19</Order>
  </Lookup>
  <Lookup>
    <GUID>3B663F6A-0B92-453D-9A94-A113C678BEB9</GUID>
    <LookupType>contact</LookupType>
    <EnumerationValue>PHO</EnumerationValue>
    <Displayed_LA>0F5F868F-7C54-4653-8C84-92CC19CF6A33</Displayed_LA>
    <Order>1</Order>
  </Lookup>
  <Lookup>
    <GUID>3BD48EA5-32F6-434A-BC4D-A268B4AA5A7D</GUID>
    <LookupType>country</LookupType>
    <EnumerationValue>LU</EnumerationValue>
    <Displayed_LA>0E3475BA-66FD-4A1C-A561-0D0724098585</Displayed_LA>
    <Order>71</Order>
  </Lookup>
  <Lookup>
    <GUID>9227DE37-7381-4B1F-A690-A37C99389D05</GUID>
    <LookupType>country</LookupType>
    <EnumerationValue>MX</EnumerationValue>
    <Displayed_LA>231D75B2-7DFF-43E6-9871-9DC5BE2811D0</Displayed_LA>
    <Order>79</Order>
  </Lookup>
  <Lookup>
    <GUID>39ADBBC9-26B1-43A9-8D48-A4821BBEBF50</GUID>
    <LookupType>country</LookupType>
    <EnumerationValue>ME</EnumerationValue>
    <Displayed_LA>55558A07-DAD7-4172-AACC-621B53A4E0A7</Displayed_LA>
    <Order>81</Order>
  </Lookup>
  <Lookup>
    <GUID>FD5B7787-1478-4EE2-808F-A7146CD450B9</GUID>
    <LookupType>license</LookupType>
    <EnumerationValue>1001</EnumerationValue>
    <Displayed_LA>B41E8EE9-510F-4729-831E-8EE95A4F5C28</Displayed_LA>
    <Order>1</Order>
  </Lookup>
  <Lookup>
    <GUID>0139A8AA-5E31-4C5F-A278-A77006F0BEEF</GUID>
    <LookupType>country</LookupType>
    <EnumerationValue>CA</EnumerationValue>
    <Displayed_LA>C8B6CE65-94BE-4D1F-B192-88C8E1D2B79E</Displayed_LA>
    <Order>21</Order>
  </Lookup>
  <Lookup>
    <GUID>FC5D8631-B761-4ED7-8F46-A7F165AF6991</GUID>
    <LookupType>country</LookupType>
    <EnumerationValue>FI</EnumerationValue>
    <Displayed_LA>918C2D30-D7FD-4D7D-B407-8EE2FCA0A6FB</Displayed_LA>
    <Order>37</Order>
  </Lookup>
  <Lookup>
    <GUID>4F7E7768-085E-4D02-8B0C-A8BB467B40AB</GUID>
    <LookupType>channel</LookupType>
    <EnumerationValue>EOG</EnumerationValue>
    <Displayed_LA>AC20F8ED-F20F-426D-91C3-C27AEF55B2E3</Displayed_LA>
    <Order>2</Order>
  </Lookup>
  <Lookup>
    <GUID>3ED417E8-13AB-4D35-BE98-AD386598A1D3</GUID>
    <LookupType>country</LookupType>
    <EnumerationValue>NP</EnumerationValue>
    <Displayed_LA>6A21A051-6528-4674-A171-C7A97457FBF8</Displayed_LA>
    <Order>83</Order>
  </Lookup>
  <Lookup>
    <GUID>D397EA1F-F666-4BCD-A8ED-B05DEBC1486C</GUID>
    <LookupType>country</LookupType>
    <EnumerationValue>PK</EnumerationValue>
    <Displayed_LA>9BA12D32-CC86-42BE-9232-F601C0530210</Displayed_LA>
    <Order>54</Order>
  </Lookup>
  <Lookup>
    <GUID>7865FF15-0CA1-4952-8A19-B27AAF6C6593</GUID>
    <LookupType>country</LookupType>
    <EnumerationValue>BZ</EnumerationValue>
    <Displayed_LA>29615565-0288-4E2D-8F2E-8C390CE8DDDF</Displayed_LA>
    <Order>13</Order>
  </Lookup>
  <Lookup>
    <GUID>6D089EAA-0578-46C8-B3A2-B423ADBF0730</GUID>
    <LookupType>haircolor</LookupType>
    <EnumerationValue>BAL</EnumerationValue>
    <Displayed_LA>D248A50B-87D6-4540-A295-42C274DC4187</Displayed_LA>
    <Order>1</Order>
  </Lookup>
  <Lookup>
    <GUID>4F64E018-89F9-428A-A78C-B5894045D066</GUID>
    <LookupType>country</LookupType>
    <EnumerationValue>LA</EnumerationValue>
    <Displayed_LA>0AAC3DA5-6207-494F-B39E-33C4AB90AFDA</Displayed_LA>
    <Order>65</Order>
  </Lookup>
  <Lookup>
    <GUID>66E8EA0B-8F40-4B98-9B3E-BA130622DED7</GUID>
    <LookupType>country</LookupType>
    <EnumerationValue>QA</EnumerationValue>
    <Displayed_LA>703BD6D6-FE59-44F7-8ABA-69547533F68B</Displayed_LA>
    <Order>99</Order>
  </Lookup>
  <Lookup>
    <GUID>6DABBA45-5C08-4C77-ABFE-BC0A07D7862F</GUID>
    <LookupType>country</LookupType>
    <EnumerationValue>BO</EnumerationValue>
    <Displayed_LA>BAB7A22B-185F-49E8-99FC-D741D0612988</Displayed_LA>
    <Order>15</Order>
  </Lookup>
  <Lookup>
    <GUID>EF9D05D5-CFB0-4AD5-B820-BCAF3D6C9226</GUID>
    <LookupType>country</LookupType>
    <EnumerationValue>ET</EnumerationValue>
    <Displayed_LA>7C452201-6C5F-4022-BB7D-C1738DAB9044</Displayed_LA>
    <Order>35</Order>
  </Lookup>
  <Lookup>
    <GUID>0973E3C6-95A1-435A-85A1-BEC197F4BF93</GUID>
    <LookupType>country</LookupType>
    <EnumerationValue>KH</EnumerationValue>
    <Displayed_LA>88CC1288-D667-47FA-A262-865036750AD7</Displayed_LA>
    <Order>20</Order>
  </Lookup>
  <Lookup>
    <GUID>A3E5B854-5E11-4E73-9CC3-BF733AB02B86</GUID>
    <LookupType>country</LookupType>
    <EnumerationValue>SN</EnumerationValue>
    <Displayed_LA>B89F3156-A2A3-4505-91ED-F32B76F7B7A5</Displayed_LA>
    <Order>105</Order>
  </Lookup>
  <Lookup>
    <GUID>3C65ADAB-6A04-471A-A3EC-C013B842598E</GUID>
    <LookupType>haircolor</LookupType>
    <EnumerationValue>WHI</EnumerationValue>
    <Displayed_LA>7B83A044-982F-4BAB-A214-02E903C7290E</Displayed_LA>
    <Order>8</Order>
  </Lookup>
  <Lookup>
    <GUID>B909C3D1-C790-4465-8839-C18F87BD8AD3</GUID>
    <LookupType>eyecolor</LookupType>
    <EnumerationValue>UNK</EnumerationValue>
    <Displayed_LA>12C677E2-2DCB-4553-BD41-A39B7B7E3A4F</Displayed_LA>
    <Order>10</Order>
  </Lookup>
  <Lookup>
    <GUID>EE496638-B55B-4FE4-92A7-C38508DE641F</GUID>
    <LookupType>country</LookupType>
    <EnumerationValue>CN</EnumerationValue>
    <Displayed_LA>9968BCBD-F6B6-468F-89B8-A14B5EF971C9</Displayed_LA>
    <Order>92</Order>
  </Lookup>
  <Lookup>
    <GUID>0E7FABD8-F278-4A69-890B-C44D1A05075E</GUID>
    <LookupType>country</LookupType>
    <EnumerationValue>SK</EnumerationValue>
    <Displayed_LA>6BF6DE2E-4A82-4C1D-8CE5-B39BD0C45642</Displayed_LA>
    <Order>108</Order>
  </Lookup>
  <Lookup>
    <GUID>74EFBFD9-3385-42B7-A861-C75F48708BBB</GUID>
    <LookupType>haircolor</LookupType>
    <EnumerationValue>SDY</EnumerationValue>
    <Displayed_LA>C35E3662-8878-4A29-85E7-D4A42FFA9441</Displayed_LA>
    <Order>7</Order>
  </Lookup>
  
  <Lookup>
    <GUID>BBF7CC5D-0B25-48EA-89AF-C8F1CEA3440A</GUID>
    <LookupType>country</LookupType>
    <EnumerationValue>DO</EnumerationValue>
    <Displayed_LA>20EF97BE-A96A-47D4-A9BA-43AB9D594A12</Displayed_LA>
    <Order>30</Order>
  </Lookup>
  <Lookup>
    <GUID>999AC37B-0FA0-4F4E-AC25-C923F1999EA1</GUID>
    <LookupType>country</LookupType>
    <EnumerationValue>CO</EnumerationValue>
    <Displayed_LA>CB8F89B7-F066-4814-9A5A-4ABECC444144</Displayed_LA>
    <Order>25</Order>
  </Lookup>
  <Lookup>
    <GUID>B2792A18-E6E0-4A96-BFD7-C947EA5ED3AF</GUID>
    <LookupType>country</LookupType>
    <EnumerationValue>GE</EnumerationValue>
    <Displayed_LA>7261029D-6CB7-4682-BADA-0976AE0181B9</Displayed_LA>
    <Order>39</Order>
  </Lookup>
  <Lookup>
    <GUID>30E366FF-AEC0-4C91-9704-CCB657763964</GUID>
    <EnumerationValue>SG</EnumerationValue>
    <Displayed_LA>3201B247-244F-4466-AABC-8C419978B5DF</Displayed_LA>
    <Order>107</Order>
  </Lookup>
  <Lookup>
    <GUID>23E6CEFB-D13F-434B-A65B-CD568398BD7B</GUID>
    <LookupType>gender</LookupType>
    <EnumerationValue>1</EnumerationValue>
    <Displayed_LA>1CEEF27F-16D4-4BC9-953B-5060AC6493AF</Displayed_LA>
    <Order>2</Order>
  </Lookup>
  <Lookup>
    <GUID>137EB92A-04FF-4845-9B5F-CE4BBD11D598</GUID>
    <LookupType>race</LookupType>
    <EnumerationValue>AP</EnumerationValue>
    <Displayed_LA>C875087B-1AEE-4175-AC37-38D9B67AD7DB</Displayed_LA>
    <Order>5</Order>
  </Lookup>
  <Lookup>
    <GUID>284C05FA-3433-4907-9867-D05F1D6B66E7</GUID>
    <LookupType>country</LookupType>
    <EnumerationValue>HR</EnumerationValue>
    <Displayed_LA>B635EF1C-0032-40A7-A219-509CA2689278</Displayed_LA>
    <Order>27</Order>
  </Lookup>
  <Lookup>
    <GUID>43D3CD86-88A1-40CD-B8A4-D1E09C774DA7</GUID>
    <LookupType>country</LookupType>
    <EnumerationValue>ES</EnumerationValue>
    <Displayed_LA>97CDC7D9-D75E-45AE-B0C1-91169FF6EE7C</Displayed_LA>
    <Order>111</Order>
  </Lookup>
  <Lookup>
    <GUID>239DF736-73B1-492C-99E8-D24CAEE4384C</GUID>
    <LookupType>country</LookupType>
    <EnumerationValue>MC</EnumerationValue>
    <Displayed_LA>B00319EC-F2E4-42DF-ADB7-4E9D57D80D81</Displayed_LA>
    <Order>97</Order>
  </Lookup>
  <Lookup>
    <GUID>D2EA00D4-BF4A-4BA6-88F8-D267006B6E7B</GUID>
    <LookupType>country</LookupType>
    <EnumerationValue>LY</EnumerationValue>
    <Displayed_LA>6CE599F3-C8D7-4053-8912-5660E88BB5DE</Displayed_LA>
    <Order>68</Order>
  </Lookup>
  <Lookup>
    <GUID>42B9AC42-20D1-4D07-BC52-D2CBD20BFE6F</GUID>
    <LookupType>race</LookupType>
    <EnumerationValue>BK</EnumerationValue>
    <Displayed_LA>84FDF822-1F39-4F51-85E5-05DA1F12FABC</Displayed_LA>
    <Order>2</Order>
  </Lookup>
  <Lookup>
    <GUID>FE56F28A-82C8-48FC-BFAC-D38B0EE61F4B</GUID>
    <LookupType>country</LookupType>
    <EnumerationValue>NI</EnumerationValue>
    <Displayed_LA>D8DBB388-FFC3-4B31-B1FA-F91FAE990B86</Displayed_LA>
    <Order>86</Order>
  </Lookup>
  <Lookup>
    <GUID>1CFDDFAD-859F-4C01-9B34-D4CB90CE291A</GUID>
    <LookupType>eyecolor</LookupType>
    <EnumerationValue>GRY</EnumerationValue>
    <Displayed_LA>BAB75B0E-83D4-4A33-984B-FF97E8B00F17</Displayed_LA>
    <Order>4</Order>
  </Lookup>
  <Lookup>
    <GUID>BC0BF1A7-E37E-4E31-A4B8-D58F8089A963</GUID>
    <LookupType>country</LookupType>
    <EnumerationValue>ZA</EnumerationValue>
    <Displayed_LA>941E86EB-46AE-4FEF-BD8B-A528A236ECEC</Displayed_LA>
    <Order>110</Order>
  </Lookup>
  <Lookup>
    <GUID>CCA1D709-F437-45F3-BE4A-D5DC2E1B5EB7</GUID>
    <LookupType>haircolor</LookupType>
    <EnumerationValue>BLK</EnumerationValue>
    <Displayed_LA>84FDF822-1F39-4F51-85E5-05DA1F12FABC</Displayed_LA>
    <Order>2</Order>
  </Lookup>
  <Lookup>
    <GUID>D52E6381-99D1-4FD3-926E-D73B710AD3C4</GUID>
    <LookupType>country</LookupType>
    <EnumerationValue>029</EnumerationValue>
    <Displayed_LA>3B04533D-E622-451A-BAEB-4868FAD9E8C8</Displayed_LA>
    <Order>22</Order>
  </Lookup>
  <Lookup>
    <GUID>3FDAA510-5066-401A-9766-DA13FCC5A858</GUID>
    <LookupType>country</LookupType>
    <EnumerationValue>TN</EnumerationValue>
    <Displayed_LA>8009E05B-3E4E-402F-A09E-EF29F2A33394</Displayed_LA>
    <Order>120</Order>
  </Lookup>
  <Lookup>
    <GUID>41569BB5-7059-4DF1-9B41-DBFF785D420C</GUID>
    <LookupType>country</LookupType>
    <EnumerationValue>DK</EnumerationValue>
    <Displayed_LA>2F2DC3EF-09EB-406A-AC76-EA0AB3613353</Displayed_LA>
    <Order>29</Order>
  </Lookup>
  <Lookup>
    <GUID>BB2C2AEB-11D9-4142-9470-DC4BE85AA684</GUID>
    <LookupType>license</LookupType>
    <EnumerationValue>1003</EnumerationValue>
    <Displayed_LA>471A6D9C-1E79-4EDC-87B6-D37C10ECF147</Displayed_LA>
    <Order>3</Order>
  </Lookup>
  <Lookup>
    <GUID>EDE0E2A8-8AEA-41B8-B324-DD446AA29492</GUID>
    <LookupType>country</LookupType>
    <EnumerationValue>IS</EnumerationValue>
    <Displayed_LA>25B1313E-8973-4F35-A67C-AA81AF7CC943</Displayed_LA>
    <Order>48</Order>
  </Lookup>
  <Lookup>
    <GUID>BEE34044-3EBA-4B12-A051-DF6703D7840A</GUID>
    <LookupType>country</LookupType>
    <EnumerationValue>UZ</EnumerationValue>
    <Displayed_LA>4CD48BA8-7880-4BDA-8A10-EDDD154927DC</Displayed_LA>
    <Order>128</Order>
  </Lookup>
  <Lookup>
    <GUID>8AD74740-D30F-49C3-87C9-DF92518708AA</GUID>
    <LookupType>eyecolor</LookupType>
    <EnumerationValue>DIC</EnumerationValue>
    <Displayed_LA>A04EF22B-03F6-4AE9-8B09-EE46D0180A6D</Displayed_LA>
    <Order>9</Order>
  </Lookup>
  <Lookup>
    <GUID>94DD2632-FBC1-4BD9-BEDB-E0254D949703</GUID>
    <LookupType>country</LookupType>
    <EnumerationValue>BN</EnumerationValue>
    <Displayed_LA>CD16E214-7218-4893-9B58-B24F285CCC5B</Displayed_LA>
    <Order>18</Order>
  </Lookup>
  <Lookup>
    <GUID>E8F09791-8E8D-49E5-89D6-E0772F0EC781</GUID>
    <LookupType>status</LookupType>
    <EnumerationValue>Active</EnumerationValue>
    <Displayed_LA>27CEDAC6-CADA-42B1-99F3-20C645CA1D32</Displayed_LA>
    <Order>1</Order>
  </Lookup>
  <Lookup>
    <GUID>63F29975-59ED-4D28-B85E-E607E7B56A5F</GUID>
    <LookupType>channel</LookupType>
    <EnumerationValue>Pz</EnumerationValue>
    <Displayed_LA>15A0603B-E7C0-458B-ABE8-4596F305326B</Displayed_LA>
    <Order>1</Order>
  </Lookup>
  <Lookup>
    <GUID>F5980512-AF4A-4C41-8BCC-E7364ACC2D48</GUID>
    <LookupType>haircolor</LookupType>
    <EnumerationValue>BRO</EnumerationValue>
    <Displayed_LA>E3C01CB3-D18C-4827-8A2E-CFF2410C50A0</Displayed_LA>
    <Order>4</Order>
  </Lookup>
  <Lookup>
    <GUID>777D1485-DB4C-49F3-8945-E84BC2A5D324</GUID>
    <LookupType>country</LookupType>
    <EnumerationValue>IT</EnumerationValue>
    <Displayed_LA>FE5E07A8-C998-4BFD-96B7-44022EAB5B1A</Displayed_LA>
    <Order>56</Order>
  </Lookup>
  <Lookup>
    <GUID>7CE25A84-924A-4580-B224-EAB5188E5170</GUID>
    <LookupType>country</LookupType>
    <EnumerationValue>PH</EnumerationValue>
    <Displayed_LA>EFB87EAD-9663-4C96-83CB-B1358EDADA41</Displayed_LA>
    <Order>94</Order>
  </Lookup>
  <Lookup>
    <GUID>D9B4E8D4-6DE1-4ED7-A9A6-EC1CBE9F0A5F</GUID>
    <LookupType>country</LookupType>
    <EnumerationValue>RU</EnumerationValue>
    <Displayed_LA>B5AB26E0-B93A-468A-B720-9CDAF9650AA8</Displayed_LA>
    <Order>102</Order>
  </Lookup>
  <Lookup>
    <GUID>F2BE83B7-37D8-4666-A300-EC942C4755B5</GUID>
    <LookupType>country</LookupType>
    <EnumerationValue>GR</EnumerationValue>
    <Displayed_LA>8D93C80D-058B-4D03-9857-44C7AA946B4B</Displayed_LA>
    <Order>42</Order>
  </Lookup>
  <Lookup>
    <GUID>A8E9147E-BAF6-4DE4-AD6F-ECB921B8CC85</GUID>
    <LookupType>country</LookupType>
    <EnumerationValue>EE</EnumerationValue>
    <Displayed_LA>F72846A7-7C2E-4260-9F8A-6869B78E95C8</Displayed_LA>
    <Order>34</Order>
  </Lookup>
  <Lookup>
    <GUID>BD985F58-FAC9-48AA-ABE2-EE8D27F4692E</GUID>
    <LookupType>country</LookupType>
    <EnumerationValue>KR</EnumerationValue>
    <Displayed_LA>81FF1D95-F654-4FA7-893D-67997358E69F</Displayed_LA>
    <Order>62</Order>
  </Lookup>
  <Lookup>
    <GUID>F07A1C9B-A602-4456-9339-F07435D53C72</GUID>
    <LookupType>country</LookupType>
    <EnumerationValue>RW</EnumerationValue>
    <Displayed_LA>75DBD908-5E2D-4CA1-A3C6-3BF594059DDB</Displayed_LA>
    <Order>103</Order>
  </Lookup>
  <Lookup>
    <GUID>ED919AF7-4E24-4E3C-ABDA-F074669AB65D</GUID>
    <LookupType>country</LookupType>
    <EnumerationValue>HK</EnumerationValue>
    <Displayed_LA>3A4A5228-7C3B-4491-8F5E-9B6FEF35C4B0</Displayed_LA>
    <Order>46</Order>
  </Lookup>
  <Lookup>
    <GUID>A2599FAE-CB91-487A-9FF0-F2C8AAD3D93D</GUID>
    <LookupType>gender</LookupType>
    <EnumerationValue>8</EnumerationValue>
    <Displayed_LA>E23F6F7F-2591-442F-A281-9C6F7A08345F</Displayed_LA>
    <Order>4</Order>
  </Lookup>
  
  <Lookup>
    <GUID>DE45F69C-1D91-4C59-90A2-F6CD83B9FAFF</GUID>
    <LookupType>country</LookupType>
    <EnumerationValue>AR</EnumerationValue>
    <Displayed_LA>3F2B7575-9822-4922-B534-71BB096B99EB</Displayed_LA>
    <Order>4</Order>
  </Lookup>
  <Lookup>
    <GUID>E925EB69-68F9-426A-831D-F87B2DAEE715</GUID>
    <LookupType>country</LookupType>
    <EnumerationValue>ID</EnumerationValue>
    <Displayed_LA>5962762A-5D4C-47BA-B1F2-EFB4F556A6B5</Displayed_LA>
    <Order>50</Order>
  </Lookup>
  <Lookup>
    <GUID>7079AD43-9FE3-448C-8517-FB9B0B35A9AA</GUID>
    <LookupType>eyecolor</LookupType>
    <EnumerationValue>BRO</EnumerationValue>
    <Displayed_LA>E3C01CB3-D18C-4827-8A2E-CFF2410C50A0</Displayed_LA>
    <Order>3</Order>
  </Lookup>
  <Lookup>
    <GUID>E8B1D6A8-EB96-453B-9BEE-FBF33DA79062</GUID>
    <LookupType>country</LookupType>
    <EnumerationValue>US</EnumerationValue>
    <Displayed_LA>29535181-1D15-4342-8D38-4768123FD88B</Displayed_LA>
    <Order>127</Order>
  </Lookup>
  <Lookup>
    <GUID>1948FB9C-3110-4586-8332-FC88BE2D731F</GUID>
    <LookupType>country</LookupType>
    <EnumerationValue>PL</EnumerationValue>
    <Displayed_LA>0938C63B-621D-45BE-8BFE-7C0DA76994F1</Displayed_LA>
    <Order>95</Order>
  </Lookup>
  <Lookup>
    <GUID>4FD8E75D-DE78-4F63-9104-FF9BE135E3CD</GUID>
    <LookupType>country</LookupType>
    <EnumerationValue>CZ</EnumerationValue>
    <Displayed_LA>CBD5CCEE-B2C5-40D4-B00C-F62CDA37641B</Displayed_LA>
    <Order>28</Order>
  </Lookup>
  <Lookup>
    <GUID>FD37D548-A35C-434F-B7CA-FFB3768452FD</GUID>
    <LookupType>country</LookupType>
    <EnumerationValue>HU</EnumerationValue>
    <Displayed_LA>36289064-FB6B-420B-840E-C33C29E067A5</Displayed_LA>
    <Order>47</Order>
  </Lookup>
</BF_Lookups>