<BF_Menus>
	<Menu>
		<GUID>3F3B6385-E2A5-4C52-8B26-C0F1248ED05D</GUID>
		<ID>1</ID>
		<Parent>1</Parent>
		<Order>0</Order>
		<Scope>main</Scope>
		<Action>brainwave.main.mainmenu.main()</Action>
		<ResourcePath>brainwave.main.mainmenu.main</ResourcePath>
		<MenuItem_LA>F6F35C0F-94D9-49F8-8E87-52F644CDC0F9</MenuItem_LA>
	</Menu>
	<Menu>
		<GUID>C66C33A3-D743-4B24-9120-C798EFF30CB3</GUID>
		<ID>2</ID>
		<Parent>1</Parent>
		<Order>2</Order>
		<Scope>main</Scope>
		<Action>brainwave.main.mainmenu.recordlib()</Action>
		<ResourcePath>brainwave.main.mainmenu.recordlib</ResourcePath>
		<MenuItem_LA>FE762E61-00E2-4F19-8CD3-A5A2EEE41A64</MenuItem_LA>
	</Menu>
	<Menu>
		<GUID>7082FBDD-54A0-49B1-88F6-331205676E03</GUID>
		<ID>3</ID>
		<Parent>2</Parent>
		<Order>1</Order>
		<Scope>main</Scope>
		<Action>brainwave.main.mainmenu.recordlib.case()</Action>
		<ResourcePath>brainwave.main.mainmenu.recordlib.case</ResourcePath>
		<MenuItem_LA>F361566A-68C4-4D02-B14C-44E067AADC92</MenuItem_LA>
	</Menu>
	<Menu>
		<GUID>244618AC-27F0-45C5-BE57-F5113B405EF9</GUID>
		<ID>4</ID>
		<Parent>2</Parent>
		<Order>2</Order>
		<Scope>main</Scope>
		<Action>brainwave.main.mainmenu.recordlib.subject()</Action>
		<ResourcePath>brainwave.main.mainmenu.recordlib.subject</ResourcePath>
		<MenuItem_LA>5155EC7F-A233-4F56-B6FF-698FE53DE3B0</MenuItem_LA>
	</Menu>
	<Menu>
		<GUID>183E5232-8D36-4696-A4E3-40444C844F74</GUID>
		<ID>5</ID>
		<Parent>2</Parent>
		<Order>3</Order>
		<Scope>main</Scope>
		<Action>brainwave.main.mainmenu.recordlib.fact()</Action>
		<ResourcePath>brainwave.main.mainmenu.recordlib.fact</ResourcePath>
		<MenuItem_LA>83AD00EF-E09A-47DA-AEEE-05AAB4B100C9</MenuItem_LA>
	</Menu>
	<Menu>
		<GUID>32ADF388-486C-485D-B98C-078CC8D11824</GUID>
		<ID>6</ID>
		<Parent>2</Parent>
		<Order>4</Order>
		<Scope>main</Scope>
		<Action>brainwave.main.mainmenu.recordlib.protocol()</Action>
		<ResourcePath>brainwave.main.mainmenu.recordlib.protocol</ResourcePath>
		<MenuItem_LA>F16F2BE1-7FD9-4087-B577-3C2EC612EB17</MenuItem_LA>
	</Menu>
	<Menu>
		<GUID>BF988CAC-9622-4306-AEC6-919E7AC30F10</GUID>
		<ID>7</ID>
		<Parent>2</Parent>
		<Order>5</Order>
		<Scope>main</Scope>
		<Action>brainwave.main.mainmenu.recordlib.testsetup()</Action>
		<ResourcePath>brainwave.main.mainmenu.recordlib.testsetup</ResourcePath>
		<MenuItem_LA>E570332C-D210-46EA-9E18-D8C19F00AAA9</MenuItem_LA>
	</Menu>
	<Menu>
		<GUID>95FB5639-93D1-4581-885A-3EB919BC74E9</GUID>
		<ID>8</ID>
		<Parent>2</Parent>
		<Order>6</Order>
		<Scope>main</Scope>
		<Action>brainwave.main.mainmenu.recordlib.crtestsetupins()</Action>
		<ResourcePath>brainwave.main.mainmenu.recordlib.crtestsetupins</ResourcePath>
		<MenuItem_LA>7675C027-1727-4FE9-82F2-BF45758B98B4</MenuItem_LA>
	</Menu>
	<Menu>
		<GUID>4B9FAB7F-4417-44C5-942B-8C44D61AF227</GUID>
		<ID>9</ID>
		<Parent>1</Parent>
		<Order>3</Order>
		<Scope>main</Scope>
		<Action>brainwave.main.mainmenu.conducttest()</Action>
		<ResourcePath>brainwave.main.mainmenu.conducttest</ResourcePath>
		<MenuItem_LA>40CA6E4F-FD53-409B-A336-D25448035FD9</MenuItem_LA>
	</Menu>
	<Menu>
		<GUID>9A73C7AF-5093-430C-A92F-59CD0CEF8CB7</GUID>
		<ID>10</ID>
		<Parent>9</Parent>
		<Order>1</Order>
		<Scope>main</Scope>
		<Action>brainwave.main.mainmenu.conducttest.conducttest()</Action>
		<ResourcePath>brainwave.main.mainmenu.conducttest.conducttest</ResourcePath>
		<MenuItem_LA>40CA6E4F-FD53-409B-A336-D25448035FD9</MenuItem_LA>
	</Menu>
	<Menu>
		<GUID>86C5286C-6FCD-497E-BFB1-EA6BBADC0323</GUID>
		<ID>11</ID>
		<Parent>1</Parent>
		<Order>4</Order>
		<Scope>main</Scope>
		<Action>brainwave.main.mainmenu.performanalysis()</Action>
		<ResourcePath>brainwave.main.mainmenu.performanalysis</ResourcePath>
		<MenuItem_LA>06CE4FEF-0371-4405-95FB-78C64B84CD7D</MenuItem_LA>
	</Menu>
	<Menu>
		<GUID>12BD7FDB-7268-4782-A912-73604C550B09</GUID>
		<ID>12</ID>
		<Parent>11</Parent>
		<Order>1</Order>
		<Scope>main</Scope>
		<Action>brainwave.main.mainmenu.performanalysis.perform()</Action>
		<ResourcePath>brainwave.main.mainmenu.performanalysis.perform</ResourcePath>
		<MenuItem_LA>06CE4FEF-0371-4405-95FB-78C64B84CD7D</MenuItem_LA>
	</Menu>
	<Menu>
		<GUID>F386444E-6986-44E3-A357-0ADC6F7B163B</GUID>
		<ID>13</ID>
		<Parent>1</Parent>
		<Order>5</Order>
		<Scope>main</Scope>
		<Action>brainwave.main.mainmenu.replaytest()</Action>
		<ResourcePath>brainwave.main.mainmenu.replaytest</ResourcePath>
		<MenuItem_LA>DFF4F632-B9D0-442C-AEE5-223B106EBD6A</MenuItem_LA>
	</Menu>
	<Menu>
		<GUID>C1304EEB-55AA-459B-BC4C-E574F32B5E57</GUID>
		<ID>14</ID>
		<Parent>1</Parent>
		<Order>6</Order>
		<Scope>main</Scope>
		<Action>brainwave.main.mainmenu.tools()</Action>
		<ResourcePath>brainwave.main.mainmenu.tools</ResourcePath>
		<MenuItem_LA>85DBFA86-B367-48BB-96E1-B9DA1BE409B1</MenuItem_LA>
	</Menu>
	<Menu>
		<GUID>BE2A08D4-68DA-4959-A283-084222FD913A</GUID>
		<ID>15</ID>
		<Parent>14</Parent>
		<Order>2</Order>
		<Scope>main</Scope>
		<Action>brainwave.main.mainmenu.tools.imageeditor()</Action>
		<ResourcePath>brainwave.main.mainmenu.tools.imageeditor</ResourcePath>
		<MenuItem_LA>06344507-C1C9-419F-8ECC-3738EE9D0BE4</MenuItem_LA>
	</Menu>
	<Menu>
		<GUID>6D682078-2958-4E08-A860-5C610632F502</GUID>
		<ID>16</ID>
		<Parent>14</Parent>
		<Order>3</Order>
		<Scope>main</Scope>
		<Action>brainwave.main.mainmenu.tools.bluetoothmgmt()</Action>
		<ResourcePath>brainwave.main.mainmenu.tools.bluetoothmgmt</ResourcePath>
		<MenuItem_LA>F52E37C8-05E6-42CC-8021-0085753D56B2</MenuItem_LA>
	</Menu>
	<Menu>
		<GUID>88B8EF49-5367-4319-942F-E18FA3DE0692</GUID>
		<ID>17</ID>
		<Parent>14</Parent>
		<Order>4</Order>
		<Scope>main</Scope>
		<Action>brainwave.main.mainmenu.tools.usermgmt()</Action>
		<ResourcePath>brainwave.main.mainmenu.tools.usermgmt</ResourcePath>
		<MenuItem_LA>A449F550-ACDA-4D3D-BA7E-FC61125BF399</MenuItem_LA>
	</Menu>
	<Menu>
		<GUID>8AE73ED2-E17A-4CA4-9AA2-EF553BE13735</GUID>
		<ID>19</ID>
		<Parent>1</Parent>
		<Order>8</Order>
		<Scope>main</Scope>
		<Action>brainwave.main.mainmenu.help()</Action>
		<ResourcePath>brainwave.main.mainmenu.help</ResourcePath>
		<MenuItem_LA>BFC7AC01-675C-4F75-A319-564D1ED9EB1F</MenuItem_LA>
	</Menu>
	<Menu>
		<GUID>A029BA5E-1E4F-49D1-8C3F-5EF2E85429B6</GUID>
		<ID>20</ID>
		<Parent>19</Parent>
		<Order>1</Order>
		<Scope>main</Scope>
		<Action>brainwave.main.mainmenu.help.operatorsguide()</Action>
		<ResourcePath>brainwave.main.help.operatorsguide</ResourcePath>
		<MenuItem_LA>68F09EBE-DB41-4137-836E-AF6B33E010E0</MenuItem_LA>
	</Menu>
	<Menu>
		<GUID>506E628B-1985-4DC7-B9BC-D73A33502FEF</GUID>
		<ID>21</ID>
		<Parent>19</Parent>
		<Order>2</Order>
		<Scope>main</Scope>
		<Action>brainwave.main.mainmenu.help.techsupport()</Action>
		<ResourcePath>process.start('http://www.brainwavescience.com/brainfingerprintingcontacts.html')</ResourcePath>
		<MenuItem_LA>42135727-60EF-48BB-9C38-D07DE6563909</MenuItem_LA>
	</Menu>
	<Menu>
		<GUID>947BC192-4AF8-4197-8F90-2CE4F110460D</GUID>
		<ID>22</ID>
		<Parent>19</Parent>
		<Order>3</Order>
		<Scope>main</Scope>
		<Action>brainwave.main.mainmenu.help.helpdoc()</Action>
		<ResourcePath>brainwave.main.mainmenu.help.helpdoc</ResourcePath>
		<MenuItem_LA>69B64BE5-1D87-4EDF-9758-E40C04DDD96D</MenuItem_LA>
	</Menu>
	<Menu>
		<GUID>F09BE535-DBB8-41E2-8145-A696BB93A8C6</GUID>
		<ID>23</ID>
		<Parent>19</Parent>
		<Order>4</Order>
		<Scope>main</Scope>
		<Action>brainwave.main.mainmenu.help.aboutus()</Action>
		<ResourcePath>brainwave.main.mainmenu.help.aboutus</ResourcePath>
		<MenuItem_LA>9AB4476D-C00E-493E-A5D8-F89973AF9F11</MenuItem_LA>
	</Menu>
	<Menu>
		<GUID>100ED0C8-4918-43C5-9DA3-804D51671288</GUID>
		<ID>24</ID>
		<Parent>1</Parent>
		<Order>9</Order>
		<Scope>main</Scope>
		<Action>brainwave.main.mainmenu.exit()</Action>
		<ResourcePath>brainwave.main.mainmenu.exit</ResourcePath>
		<MenuItem_LA>45845447-A4AB-464D-A1A2-3F6CE62AFE58</MenuItem_LA>
	</Menu>
	<Menu>
		<GUID>6E874C95-1E3E-453A-BA93-1843D3167F4C</GUID>
		<ID>25</ID>
		<Parent>1</Parent>
		<Order>7</Order>
		<Scope>main</Scope>
		<Action>brainwave.main.mainmenu.online()</Action>
		<ResourcePath>brainwave.main.mainmenu.online</ResourcePath>
		<MenuItem_LA>AB56DC0F-8883-4D6A-9EE3-9EE0AE80B948</MenuItem_LA>
	</Menu>
	<Menu>
		<GUID>93CC9419-8864-4358-A740-D44A4D8E7BA9</GUID>
		<ID>26</ID>
		<Parent>25</Parent>
		<Order>1</Order>
		<Scope>main</Scope>
		<Action>brainwave.main.mainmenu.Online.license()</Action>
		<ResourcePath>brainwave.main.mainmenu.Online.license</ResourcePath>
		<MenuItem_LA>E3B65D80-B222-4270-9EFD-4CD0D703CF02</MenuItem_LA>
	</Menu>
	<Menu>
		<GUID>9998CFCD-A027-4490-9E25-8D612AE17FAC</GUID>
		<ID>27</ID>
		<Parent>25</Parent>
		<Order>2</Order>
		<Scope>main</Scope>
		<Action>brainwave.main.mainmenu.Online.softwareupdates()</Action>
		<ResourcePath>brainwave.main.mainmenu.Online.softwareupdates</ResourcePath>
		<MenuItem_LA>B3C37156-35B0-4D7C-99F8-681F5A9AE292</MenuItem_LA>
	</Menu>
	<Menu>
		<GUID>0AD4E8C2-2BCA-468B-8F0C-3C6D82F4D608</GUID>
		<ID>28</ID>
		<Parent>25</Parent>
		<Order>3</Order>
		<Scope>main</Scope>
		<Action>brainwave.main.mainmenu.Online.remoteassistance()</Action>
		<ResourcePath>brainwave.main.mainmenu.Online.remoteassistance</ResourcePath>
		<MenuItem_LA>3AF1646E-426E-4A52-8991-FAF9C567D9F6</MenuItem_LA>
	</Menu>
	<Menu>
		<GUID>776D220D-FF25-446E-AF9F-A05C374A8BFC</GUID>
		<ID>29</ID>
		<Parent>14</Parent>
		<Order>5</Order>
		<Scope>main</Scope>
		<Action>brainwave.main.mainmenu.tools.langsetting()</Action>
		<ResourcePath>brainwave.main.mainmenu.tools.langsetting</ResourcePath>
		<MenuItem_LA>6DD40F08-06D7-48F6-BCB7-4E6BC91D48D8</MenuItem_LA>
	</Menu>
	<Menu>
		<GUID>3AB38534-D45F-48D9-A310-2862533DBA65</GUID>
		<ID>30</ID>
		<Parent>13</Parent>
		<Order>1</Order>
		<Scope>main</Scope>
		<Action>brainwave.main.mainmenu.replaytest.replay()</Action>
		<ResourcePath>brainwave.main.mainmenu.replaytest.replay</ResourcePath>
		<MenuItem_LA>DFF4F632-B9D0-442C-AEE5-223B106EBD6A</MenuItem_LA>
	</Menu>
	<Menu>
		<GUID>E5C79718-BC72-4DD2-911A-7765FE8808E9</GUID>
		<ID>31</ID>
		<Parent>24</Parent>
		<Order>1</Order>
		<Scope>main</Scope>
		<Action>brainwave.main.mainmenu.exit.exit()</Action>
		<ResourcePath>brainwave.main.mainmenu.exit.exit</ResourcePath>
		<MenuItem_LA>45845447-A4AB-464D-A1A2-3F6CE62AFE58</MenuItem_LA>
	</Menu>
	<Menu>
		<GUID>F8B5BDD6-97A5-440B-9C95-EC99A67A12CF</GUID>
		<ID>1029</ID>
		<Parent>1</Parent>
		<Order>1</Order>
		<Scope>main</Scope>
		<Action>brainwave.main.mainmenu.Home() </Action>
		<ResourcePath>brainwave.main.mainmenu.Home</ResourcePath>
		<MenuItem_LA>8263B29C-60A3-46B0-B671-E430A93A4AA4</MenuItem_LA>
	</Menu>
	<Menu>
		<GUID>C1D85716-F0ED-438E-AD25-CB55E8A88CDA</GUID>
		<ID>1030</ID>
		<Parent>1029</Parent>
		<Order>1</Order>
		<Scope>main</Scope>
		<Action>brainwave.main.mainmenu.Home.Home()</Action>
		<ResourcePath>brainwave.main.mainmenu.Home.Home</ResourcePath>
		<MenuItem_LA>8263B29C-60A3-46B0-B671-E430A93A4AA4</MenuItem_LA>
	</Menu>
	<Menu>
		<GUID>3A8603CC-1373-4B95-B3A3-D81A9B51552C</GUID>
		<ID>2029</ID>
		<Parent>14</Parent>
		<Order>1</Order>
		<Scope>main</Scope>
		<Action>brainwave.main.mainmenu.tools.importexport()</Action>
		<ResourcePath>brainwave.main.mainmenu.tools.importexport</ResourcePath>
		<MenuItem_LA>766C6F51-9757-4AC6-A399-AE7E5C6637D8</MenuItem_LA>
	</Menu>
</BF_Menus>
