<BF_ResourcePermissions>
	<ResourcePermission>
		<GUID>AF7D4A24-B2CA-481B-9E2B-013319FC3E8B</GUID>
		<ResourcePath>brainwave.main.mainmenu.exit</ResourcePath>
		<ManagerRights>x</ManagerRights>
		<SupervisorRights>x</SupervisorRights>
		<InvestigatorRights>x</InvestigatorRights>
		<OperatorRights>x</OperatorRights>
	</ResourcePermission>
	<ResourcePermission>
		<GUID>35BCCA99-DC49-42C6-A95B-04A2921ABBA1</GUID>
		<ResourcePath>brainwave.main.helpdoc</ResourcePath>
		<ManagerRights>eixcrud</ManagerRights>
		<SupervisorRights>xcru</SupervisorRights>
		<InvestigatorRights>xcru</InvestigatorRights>
		<OperatorRights>xru</OperatorRights>
	</ResourcePermission>
	<ResourcePermission>
		<GUID>D843F60C-360F-4EC8-996F-04D0BB487EF7</GUID>
		<ResourcePath>brainwave.main.performanalysis</ResourcePath>
		<ManagerRights>eixcrud</ManagerRights>
		<SupervisorRights>xcru</SupervisorRights>
		<InvestigatorRights>xr</InvestigatorRights>
		<OperatorRights>xcru</OperatorRights>
	</ResourcePermission>
	<ResourcePermission>
		<GUID>640B500D-BA2B-4309-B975-07419C4C4D83</GUID>
		<ResourcePath>brainwave.main.mainmenu</ResourcePath>
		<ManagerRights>x</ManagerRights>
		<SupervisorRights>x</SupervisorRights>
		<InvestigatorRights>x</InvestigatorRights>
		<OperatorRights>x</OperatorRights>
	</ResourcePermission>
	<ResourcePermission>
		<GUID>A675D3DF-6E4A-4FE1-A6E9-172C9700EDE1</GUID>
		<ResourcePath>brainwave.main.mainmenu.tools.usermgmt</ResourcePath>
		<ManagerRights>x</ManagerRights>
		<SupervisorRights>xr</SupervisorRights>
		<InvestigatorRights>xr</InvestigatorRights>
		<OperatorRights>xr</OperatorRights>
	</ResourcePermission>
	<ResourcePermission>
		<GUID>DB459DBA-4F83-4DE8-9CDA-186D23DAA1A0</GUID>
		<ResourcePath>brainwave.main.license</ResourcePath>
		<ManagerRights>eixcrud</ManagerRights>
		<SupervisorRights>xr</SupervisorRights>
		<InvestigatorRights>xr</InvestigatorRights>
		<OperatorRights>xr</OperatorRights>
	</ResourcePermission>
	<ResourcePermission>
		<GUID>CE7EF311-6D3A-4B92-AB25-1C6B89C9E118</GUID>
		<ResourcePath>brainwave.main.testsetup</ResourcePath>
		<ManagerRights>eixcrud</ManagerRights>
		<SupervisorRights>xcru</SupervisorRights>
		<InvestigatorRights>xcru</InvestigatorRights>
		<OperatorRights>xcru</OperatorRights>
	</ResourcePermission>
	<ResourcePermission>
		<GUID>D214112A-8D10-4F94-9852-1D6902EFB6EF</GUID>
		<ResourcePath>brainwave.main.techsupport</ResourcePath>
		<ManagerRights>eixcrud</ManagerRights>
		<SupervisorRights>xcru</SupervisorRights>
		<InvestigatorRights>xcru</InvestigatorRights>
		<OperatorRights>xru</OperatorRights>
	</ResourcePermission>
	<ResourcePermission>
		<GUID>36BC4A63-EBA2-4C61-A044-1EEF8790E122</GUID>
		<ResourcePath>brainwave.main.bluetoothmgmt</ResourcePath>
		<ManagerRights>eixcrud</ManagerRights>
		<SupervisorRights>xcru</SupervisorRights>
		<InvestigatorRights>xr</InvestigatorRights>
		<OperatorRights>xcu</OperatorRights>
	</ResourcePermission>
	<ResourcePermission>
		<GUID>12B5FF67-C883-451F-9922-2E2D99F3D02B</GUID>
		<ResourcePath>brainwave.main.mainmenu.recordlib.testsetup</ResourcePath>
		<ManagerRights>x</ManagerRights>
		<SupervisorRights>x</SupervisorRights>
		<InvestigatorRights>x</InvestigatorRights>
		<OperatorRights>x</OperatorRights>
	</ResourcePermission>
	<ResourcePermission>
		<GUID>5C8BEB70-216D-454D-A786-329A2617249D</GUID>
		<ResourcePath>brainwave.main.subjmgr.subjrecord</ResourcePath>
		<ManagerRights>eixcrud</ManagerRights>
		<SupervisorRights>xcru</SupervisorRights>
		<InvestigatorRights>xcru</InvestigatorRights>
		<OperatorRights>xr</OperatorRights>
	</ResourcePermission>
	<ResourcePermission>
		<GUID>A5ACC7C6-B353-4537-9885-35D6D170838D</GUID>
		<ResourcePath>brainwave.main.langsetting</ResourcePath>
		<ManagerRights>eixcrud</ManagerRights>
		<SupervisorRights>xcru</SupervisorRights>
		<InvestigatorRights>xcru</InvestigatorRights>
		<OperatorRights>xcru</OperatorRights>
	</ResourcePermission>
	<ResourcePermission>
		<GUID>85C57C44-211A-4074-A47E-362A4C3F7C88</GUID>
		<ResourcePath>brainwave.main.casemgr</ResourcePath>
		<ManagerRights>eixcrud</ManagerRights>
		<SupervisorRights>xr</SupervisorRights>
		<InvestigatorRights>xr</InvestigatorRights>
		<OperatorRights>xr</OperatorRights>
	</ResourcePermission>
	<ResourcePermission>
		<GUID>16F2EFF8-AA68-4D89-9FB2-3F50B3C65CD2</GUID>
		<ResourcePath>brainwave.main.crtestsetupins</ResourcePath>
		<ManagerRights>eixcrud</ManagerRights>
		<SupervisorRights>xcru</SupervisorRights>
		<InvestigatorRights>xcru</InvestigatorRights>
		<OperatorRights>xru</OperatorRights>
	</ResourcePermission>
	<ResourcePermission>
		<GUID>DADEC357-9CCB-4A5F-924A-3F6EA12A7403</GUID>
		<ResourcePath>brainwave.main.mainmenu.help.techsupport</ResourcePath>
		<ManagerRights>x</ManagerRights>
		<SupervisorRights>x</SupervisorRights>
		<InvestigatorRights>x</InvestigatorRights>
		<OperatorRights>x</OperatorRights>
	</ResourcePermission>
	<ResourcePermission>
		<GUID>16AA4D60-DA27-421E-97EB-438C0885FE29</GUID>
		<ResourcePath>brainwave.main.factmgr.factrecord</ResourcePath>
		<ManagerRights>eixcrud</ManagerRights>
		<SupervisorRights>xcru</SupervisorRights>
		<InvestigatorRights>xcru</InvestigatorRights>
		<OperatorRights>xr</OperatorRights>
	</ResourcePermission>
	<ResourcePermission>
		<GUID>E459D233-4B97-4EA2-9C0B-43C717900F45</GUID>
		<ResourcePath>brainwave.main.tutorials</ResourcePath>
		<ManagerRights>eixcrud</ManagerRights>
		<SupervisorRights>xcru</SupervisorRights>
		<InvestigatorRights>xcru</InvestigatorRights>
		<OperatorRights>xru</OperatorRights>
	</ResourcePermission>
	<ResourcePermission>
		<GUID>267F4F78-85DD-4911-899E-444F043A5430</GUID>
		<ResourcePath>brainwave.main.remoteassistance</ResourcePath>
		<ManagerRights>eixcrud</ManagerRights>
		<SupervisorRights>xcru</SupervisorRights>
		<InvestigatorRights>xr</InvestigatorRights>
		<OperatorRights>xr</OperatorRights>
	</ResourcePermission>
	<ResourcePermission>
		<GUID>CDC5553C-6E93-4D70-AAF1-45A92E97AF68</GUID>
		<ResourcePath>brainwave.main.mainmenu.recordlib</ResourcePath>
		<ManagerRights>x</ManagerRights>
		<SupervisorRights>x</SupervisorRights>
		<InvestigatorRights>x</InvestigatorRights>
		<OperatorRights>x</OperatorRights>
	</ResourcePermission>
	<ResourcePermission>
		<GUID>7530AD8D-84E6-42FE-9E12-4C6BB7D028BF</GUID>
		<ResourcePath>brainwave.main.mainmenu.Home.Home</ResourcePath>
		<ManagerRights>x</ManagerRights>
		<SupervisorRights>x</SupervisorRights>
		<InvestigatorRights>x</InvestigatorRights>
		<OperatorRights>x</OperatorRights>
	</ResourcePermission>
	<ResourcePermission>
		<GUID>C609F739-735D-4BF3-B67D-559AF9529865</GUID>
		<ResourcePath>brainwave.main.mainmenu.recordlib.subject</ResourcePath>
		<ManagerRights>x</ManagerRights>
		<SupervisorRights>x</SupervisorRights>
		<InvestigatorRights>x</InvestigatorRights>
		<OperatorRights>x</OperatorRights>
	</ResourcePermission>
	<ResourcePermission>
		<GUID>526CFAF1-EA0E-4061-97BB-59A13D0BC6C0</GUID>
		<ResourcePath>brainwave.main.mainmenu.recordlib.crtestsetupins</ResourcePath>
		<ManagerRights>x</ManagerRights>
		<SupervisorRights>x</SupervisorRights>
		<InvestigatorRights>x</InvestigatorRights>
		<OperatorRights>x</OperatorRights>
	</ResourcePermission>
	<ResourcePermission>
		<GUID>23A4743C-D620-46BF-8370-6319E483AFEA</GUID>
		<ResourcePath>brainwave.main.mainmenu.performanalysis.perform</ResourcePath>
		<ManagerRights>x</ManagerRights>
		<SupervisorRights>x</SupervisorRights>
		<InvestigatorRights>x</InvestigatorRights>
		<OperatorRights>x</OperatorRights>
	</ResourcePermission>
	<ResourcePermission>
		<GUID>CB2E5A98-B9B3-46B2-A405-631BBD9906D5</GUID>
		<ResourcePath>brainwave.main.mainmenu.Online.remoteassistance</ResourcePath>
		<ManagerRights>x</ManagerRights>
		<SupervisorRights>x</SupervisorRights>
		<InvestigatorRights>x</InvestigatorRights>
		<OperatorRights>x</OperatorRights>
	</ResourcePermission>
	<ResourcePermission>
		<GUID>90838EF2-A866-4B06-B1B0-64058319BBCA</GUID>
		<ResourcePath>brainwave.main.mainmenu.tools</ResourcePath>
		<ManagerRights>x</ManagerRights>
		<SupervisorRights>x</SupervisorRights>
		<InvestigatorRights>x</InvestigatorRights>
		<OperatorRights>x</OperatorRights>
	</ResourcePermission>
	<ResourcePermission>
		<GUID>BC06D4CC-A95F-4FD1-ADA5-647F6B2562A6</GUID>
		<ResourcePath>brainwave.main.tools.langsetting</ResourcePath>
		<ManagerRights>eixcrud</ManagerRights>
		<SupervisorRights>xcru</SupervisorRights>
		<InvestigatorRights>xcru</InvestigatorRights>
		<OperatorRights>xcru</OperatorRights>
	</ResourcePermission>
	<ResourcePermission>
		<GUID>9180810E-D2E3-446E-9359-6C3F4B3381E8</GUID>
		<ResourcePath>brainwave.main.help.operatorsguide</ResourcePath>
		<ManagerRights>eixcrud</ManagerRights>
		<SupervisorRights>xcru</SupervisorRights>
		<InvestigatorRights>xcru</InvestigatorRights>
		<OperatorRights>xru</OperatorRights>
	</ResourcePermission>
	<ResourcePermission>
		<GUID>17410796-48A5-478C-AC5C-6DADEE75B9C8</GUID>
		<ResourcePath>brainwave.main.help.aboutus</ResourcePath>
		<ManagerRights>eixcrud</ManagerRights>
		<SupervisorRights>xcru</SupervisorRights>
		<InvestigatorRights>xcru</InvestigatorRights>
		<OperatorRights>xru</OperatorRights>
	</ResourcePermission>
	<ResourcePermission>
		<GUID>FF735448-9270-4068-9BF7-71FA7C892F9F</GUID>
		<ResourcePath>brainwave.main.subjmgr</ResourcePath>
		<ManagerRights>eixcrud</ManagerRights>
		<SupervisorRights>xcru</SupervisorRights>
		<InvestigatorRights>xcru</InvestigatorRights>
		<OperatorRights>xr</OperatorRights>
	</ResourcePermission>
	<ResourcePermission>
		<GUID>DFFBFC1C-E6BB-4A3D-82E6-71FBC64861DE</GUID>
		<ResourcePath>brainwave.main.mainmenu.Home</ResourcePath>
		<ManagerRights>eixcrud</ManagerRights>
		<SupervisorRights>xcr</SupervisorRights>
		<InvestigatorRights>xcr</InvestigatorRights>
		<OperatorRights>x</OperatorRights>
	</ResourcePermission>
	<ResourcePermission>
		<GUID>C2B1E072-4773-47E2-AE37-73900E4F000C</GUID>
		<ResourcePath>brainwave.main.mainmenu.tools.imageeditor</ResourcePath>
		<ManagerRights>x</ManagerRights>
		<SupervisorRights>x</SupervisorRights>
		<InvestigatorRights>x</InvestigatorRights>
		<OperatorRights>x</OperatorRights>
	</ResourcePermission>
	<ResourcePermission>
		<GUID>1E058BA4-A750-4998-BD53-77F2A5D2BDFC</GUID>
		<ResourcePath>brainwave.main.mainmenu.conducttest.conducttest</ResourcePath>
		<ManagerRights>x</ManagerRights>
		<SupervisorRights>x</SupervisorRights>
		<InvestigatorRights>x</InvestigatorRights>
		<OperatorRights>x</OperatorRights>
	</ResourcePermission>
	<ResourcePermission>
		<GUID>B33E59B2-6D5A-4E3B-86B4-78DBF8D3F7ED</GUID>
		<ResourcePath>brainwave.main.mainmenu.tools.bluetoothmgmt</ResourcePath>
		<ManagerRights>x</ManagerRights>
		<SupervisorRights>x</SupervisorRights>
		<InvestigatorRights>x</InvestigatorRights>
		<OperatorRights>x</OperatorRights>
	</ResourcePermission>
	<ResourcePermission>
		<GUID>06F52DD5-6908-4C80-9709-7D20E9A40E38</GUID>
		<ResourcePath>brainwave.main.mainmenu.help.helpdoc</ResourcePath>
		<ManagerRights>x</ManagerRights>
		<SupervisorRights>x</SupervisorRights>
		<InvestigatorRights>x</InvestigatorRights>
		<OperatorRights>x</OperatorRights>
	</ResourcePermission>
	<ResourcePermission>
		<GUID>26AC4DA0-FBBB-4A84-BDBD-80DAE2DA15BD</GUID>
		<ResourcePath>brainwave.main.online.softwareupdates</ResourcePath>
		<ManagerRights>eixcrud</ManagerRights>
		<SupervisorRights>xcru</SupervisorRights>
		<InvestigatorRights>xr</InvestigatorRights>
		<OperatorRights>xr</OperatorRights>
	</ResourcePermission>
	<ResourcePermission>
		<GUID>2A630DDC-BD54-4103-BAB2-84BEAE01EFF2</GUID>
		<ResourcePath>brainwave.main.tools.imageeditor</ResourcePath>
		<ManagerRights>eixcrud</ManagerRights>
		<SupervisorRights>xcru</SupervisorRights>
		<InvestigatorRights>xcru</InvestigatorRights>
		<OperatorRights>xcru</OperatorRights>
	</ResourcePermission>
	<ResourcePermission>
		<GUID>A56B1CC3-42B5-43C0-981F-87603F836A79</GUID>
		<ResourcePath>brainwave.main.help.techsupport</ResourcePath>
		<ManagerRights>eixcrud</ManagerRights>
		<SupervisorRights>xcru</SupervisorRights>
		<InvestigatorRights>xcru</InvestigatorRights>
		<OperatorRights>xru</OperatorRights>
	</ResourcePermission>
	<ResourcePermission>
		<GUID>3E2CF5EE-BA35-4AA4-8A1B-87E0BC3E8190</GUID>
		<ResourcePath>brainwave.main.mainmenu.exit.exit</ResourcePath>
		<ManagerRights>x</ManagerRights>
		<SupervisorRights>x</SupervisorRights>
		<InvestigatorRights>x</InvestigatorRights>
		<OperatorRights>x</OperatorRights>
	</ResourcePermission>
	<ResourcePermission>
		<GUID>0A4C1B2D-7FE4-49EB-AD4F-89318E543B85</GUID>
		<ResourcePath>brainwave.main.mainmenu.help.aboutus</ResourcePath>
		<ManagerRights>x</ManagerRights>
		<SupervisorRights>x</SupervisorRights>
		<InvestigatorRights>x</InvestigatorRights>
		<OperatorRights>x</OperatorRights>
	</ResourcePermission>
	<ResourcePermission>
		<GUID>51D81275-2DCC-471F-84F4-89B91D864143</GUID>
		<ResourcePath>brainwave.main.online.remoteassistance</ResourcePath>
		<ManagerRights>eixcrud</ManagerRights>
		<SupervisorRights>xcru</SupervisorRights>
		<InvestigatorRights>xr</InvestigatorRights>
		<OperatorRights>xr</OperatorRights>
	</ResourcePermission>
	<ResourcePermission>
		<GUID>910B4663-61FD-43B8-BB95-8C682F245019</GUID>
		<ResourcePath>brainwave.main.casemgr.caserecord</ResourcePath>
		<ManagerRights>eixcrud</ManagerRights>
		<SupervisorRights>xr</SupervisorRights>
		<InvestigatorRights>xr</InvestigatorRights>
		<OperatorRights>xr</OperatorRights>
	</ResourcePermission>
	<ResourcePermission>
		<GUID>E53444F4-6C49-4E70-8AED-8D68C807E936</GUID>
		<ResourcePath>brainwave.main.mainmenu.help.tutorials</ResourcePath>
		<ManagerRights>x</ManagerRights>
		<SupervisorRights>x</SupervisorRights>
		<InvestigatorRights>x</InvestigatorRights>
		<OperatorRights>x</OperatorRights>
	</ResourcePermission>
	<ResourcePermission>
		<GUID>9F8FA617-B07D-4560-8298-91A1BA2A4B01</GUID>
		<ResourcePath>brainwave.main.mainmenu.recordlib</ResourcePath>
		<ManagerRights>x</ManagerRights>
		<SupervisorRights>x</SupervisorRights>
		<InvestigatorRights>x</InvestigatorRights>
		<OperatorRights>x</OperatorRights>
	</ResourcePermission>
	<ResourcePermission>
		<GUID>D3CABF4B-992E-4AEB-846A-92F3D6827EFF</GUID>
		<ResourcePath>brainwave.main.mainmenu.online</ResourcePath>
		<ManagerRights>x</ManagerRights>
		<SupervisorRights>x</SupervisorRights>
		<InvestigatorRights>x</InvestigatorRights>
		<OperatorRights>x</OperatorRights>
	</ResourcePermission>
	<ResourcePermission>
		<GUID>3CDE013E-0167-41D4-8068-9C042CB253CD</GUID>
		<ResourcePath>brainwave.main.crtestsetupins.createsetupins</ResourcePath>
		<ManagerRights>eixcrud</ManagerRights>
		<SupervisorRights>xcru</SupervisorRights>
		<InvestigatorRights>xcru</InvestigatorRights>
		<OperatorRights>xru</OperatorRights>
	</ResourcePermission>
	<ResourcePermission>
		<GUID>D6760C70-052C-414A-9C4D-9E4679FA39E0</GUID>
		<ResourcePath>brainwave.main.online.license</ResourcePath>
		<ManagerRights>eixcrud</ManagerRights>
		<SupervisorRights>xr</SupervisorRights>
		<InvestigatorRights>xr</InvestigatorRights>
		<OperatorRights>xr</OperatorRights>
	</ResourcePermission>
	<ResourcePermission>
		<GUID>52ED5641-0C18-49B5-B895-A3BB742817B1</GUID>
		<ResourcePath>brainwave.main.mainmenu.recordlib.case</ResourcePath>
		<ManagerRights>x</ManagerRights>
		<SupervisorRights>x</SupervisorRights>
		<InvestigatorRights>x</InvestigatorRights>
		<OperatorRights>x</OperatorRights>
	</ResourcePermission>
	<ResourcePermission>
		<GUID>06FCA930-CB45-41A0-8B8B-A5E4E83E4C18</GUID>
		<ResourcePath>brainwave.main.aboutus</ResourcePath>
		<ManagerRights>eixcrud</ManagerRights>
		<SupervisorRights>xcru</SupervisorRights>
		<InvestigatorRights>xcru</InvestigatorRights>
		<OperatorRights>xru</OperatorRights>
	</ResourcePermission>
	<ResourcePermission>
		<GUID>F52C3A57-198F-4C5C-8C41-ABFF86B9E994</GUID>
		<ResourcePath>brainwave.main.mainmenu.conducttest</ResourcePath>
		<ManagerRights>eixcrud</ManagerRights>
		<SupervisorRights>xcru</SupervisorRights>
		<InvestigatorRights>xr</InvestigatorRights>
		<OperatorRights>xcru</OperatorRights>
	</ResourcePermission>
	<ResourcePermission>
		<GUID>F43C3804-AA94-403F-8BBF-AE2FF19463BF</GUID>
		<ResourcePath>brainwave.main.replaytest</ResourcePath>
		<ManagerRights>eixcrud</ManagerRights>
		<SupervisorRights>xcru</SupervisorRights>
		<InvestigatorRights>xr</InvestigatorRights>
		<OperatorRights>xcru</OperatorRights>
	</ResourcePermission>
	<ResourcePermission>
		<GUID>E384A4CE-4AB3-4292-BF92-B063B9C5DB44</GUID>
		<ResourcePath>brainwave.main.mainmenu.Online.softwareupdates</ResourcePath>
		<ManagerRights>x</ManagerRights>
		<SupervisorRights>x</SupervisorRights>
		<InvestigatorRights>x</InvestigatorRights>
		<OperatorRights>x</OperatorRights>
	</ResourcePermission>
	<ResourcePermission>
		<GUID>4D4D3E9C-FC97-4341-89FF-B3D8E2A0B743</GUID>
		<ResourcePath>brainwave.main.mainmenu.help</ResourcePath>
		<ManagerRights>x</ManagerRights>
		<SupervisorRights>x</SupervisorRights>
		<InvestigatorRights>x</InvestigatorRights>
		<OperatorRights>x</OperatorRights>
	</ResourcePermission>
	<ResourcePermission>
		<GUID>16B5C37C-FFD1-4A02-BFAC-B4278C8EAA88</GUID>
		<ResourcePath>brainwave.main.protocol.protoclrecord</ResourcePath>
		<ManagerRights>eixcrud</ManagerRights>
		<SupervisorRights>xcru</SupervisorRights>
		<InvestigatorRights>xcru</InvestigatorRights>
		<OperatorRights>xr</OperatorRights>
	</ResourcePermission>
	<ResourcePermission>
		<GUID>9C2322E8-D7E4-4852-9187-B4CA9795BB54</GUID>
		<ResourcePath>brainwave.main.mainmenu.tools.langsetting</ResourcePath>
		<ManagerRights>x</ManagerRights>
		<SupervisorRights>x</SupervisorRights>
		<InvestigatorRights>x</InvestigatorRights>
		<OperatorRights>x</OperatorRights>
	</ResourcePermission>
	<ResourcePermission>
		<GUID>FEC15853-5ED6-4BFF-80D0-B834877095CF</GUID>
		<ResourcePath>brainwave.main.protocol</ResourcePath>
		<ManagerRights>eixcrud</ManagerRights>
		<SupervisorRights>xcru</SupervisorRights>
		<InvestigatorRights>xcru</InvestigatorRights>
		<OperatorRights>xr</OperatorRights>
	</ResourcePermission>
	<ResourcePermission>
		<GUID>E46C8C80-9C22-4A7E-A18B-B8ACB794D83A</GUID>
		<ResourcePath>brainwave.main.mainmenu.main</ResourcePath>
		<ManagerRights>x</ManagerRights>
		<SupervisorRights>x</SupervisorRights>
		<InvestigatorRights>x</InvestigatorRights>
		<OperatorRights>x</OperatorRights>
	</ResourcePermission>
	<ResourcePermission>
		<GUID>EC0A306F-E223-4259-8949-BC6DE81CFE70</GUID>
		<ResourcePath>brainwave.main.factmgr</ResourcePath>
		<ManagerRights>eixcrud</ManagerRights>
		<SupervisorRights>xcru</SupervisorRights>
		<InvestigatorRights>xcru</InvestigatorRights>
		<OperatorRights>xr</OperatorRights>
	</ResourcePermission>
	<ResourcePermission>
		<GUID>7CADA4B1-57D1-4E37-AD28-BD2EAE5B83E0</GUID>
		<ResourcePath>brainwave.main.mainmenu.performanalysis</ResourcePath>
		<ManagerRights>eixcrud</ManagerRights>
		<SupervisorRights>xcru</SupervisorRights>
		<InvestigatorRights>xr</InvestigatorRights>
		<OperatorRights>xcru</OperatorRights>
	</ResourcePermission>
	<ResourcePermission>
		<GUID>A414E3E9-1FCF-4BA8-8434-BD89754752B2</GUID>
		<ResourcePath>brainwave.main.home</ResourcePath>
		<ManagerRights>eixcrud</ManagerRights>
		<SupervisorRights>xcru</SupervisorRights>
		<InvestigatorRights>xcru</InvestigatorRights>
		<OperatorRights>xru</OperatorRights>
	</ResourcePermission>
	<ResourcePermission>
		<GUID>A8E13BBE-6506-480B-8018-BE744538103B</GUID>
		<ResourcePath>brainwave.main.mainmenu.replaytest</ResourcePath>
		<ManagerRights>eixcrud</ManagerRights>
		<SupervisorRights>xcru</SupervisorRights>
		<InvestigatorRights>xr</InvestigatorRights>
		<OperatorRights>xcru</OperatorRights>
	</ResourcePermission>
	<ResourcePermission>
		<GUID>318D6FAE-E263-4991-A5EC-C127204CFE51</GUID>
		<ResourcePath>brainwave.main.mainmenu.tools.importexport</ResourcePath>
		<ManagerRights>x</ManagerRights>
		<SupervisorRights/>
		<InvestigatorRights/>
		<OperatorRights/>
	</ResourcePermission>
	<ResourcePermission>
		<GUID>7236F7D4-6C45-4A5C-AE74-CB4BEFAA6396</GUID>
		<ResourcePath>brainwave.main.usermgmt</ResourcePath>
		<ManagerRights>eixcrud</ManagerRights>
		<SupervisorRights>xr</SupervisorRights>
		<InvestigatorRights>xr</InvestigatorRights>
		<OperatorRights>xr</OperatorRights>
	</ResourcePermission>
	<ResourcePermission>
		<GUID>716F5B0F-F1F6-43CB-AD90-CFA9C56D8236</GUID>
		<ResourcePath>brainwave.main.help.helpdoc</ResourcePath>
		<ManagerRights>eixcrud</ManagerRights>
		<SupervisorRights>xcru</SupervisorRights>
		<InvestigatorRights>xcru</InvestigatorRights>
		<OperatorRights>xru</OperatorRights>
	</ResourcePermission>
	<ResourcePermission>
		<GUID>6D247DB9-9012-4CE1-8B97-D7CFAFF4928F</GUID>
		<ResourcePath>brainwave.main.mainmenu.recordlib.fact</ResourcePath>
		<ManagerRights>x</ManagerRights>
		<SupervisorRights>x</SupervisorRights>
		<InvestigatorRights>x</InvestigatorRights>
		<OperatorRights>x</OperatorRights>
	</ResourcePermission>
	<ResourcePermission>
		<GUID>B2C5BF65-FF11-4B91-9604-DD7219EB6ED8</GUID>
		<ResourcePath>brainwave.main.mainmenu.Online.license</ResourcePath>
		<ManagerRights>x</ManagerRights>
		<SupervisorRights>x</SupervisorRights>
		<InvestigatorRights>x</InvestigatorRights>
		<OperatorRights>x</OperatorRights>
	</ResourcePermission>
	<ResourcePermission>
		<GUID>2D3E7D5A-2156-4BB6-8262-E4039E511FFD</GUID>
		<ResourcePath>brainwave.main.testsetup.testsetuprecord</ResourcePath>
		<ManagerRights>eixcrud</ManagerRights>
		<SupervisorRights>xcru</SupervisorRights>
		<InvestigatorRights>xcru</InvestigatorRights>
		<OperatorRights>xcru</OperatorRights>
	</ResourcePermission>
	<ResourcePermission>
		<GUID>86B7E9BF-A64C-4296-8A64-E56C8784583C</GUID>
		<ResourcePath>brainwave.main.tools.usermgmt</ResourcePath>
		<ManagerRights>eixcrud</ManagerRights>
		<SupervisorRights>xr</SupervisorRights>
		<InvestigatorRights>xr</InvestigatorRights>
		<OperatorRights>xr</OperatorRights>
	</ResourcePermission>
	<ResourcePermission>
		<GUID>0B5842C4-024C-4446-9228-EA7318C8B5FE</GUID>
		<ResourcePath>brainwave.main.mainmenu.recordlib.protocol</ResourcePath>
		<ManagerRights>x</ManagerRights>
		<SupervisorRights>x</SupervisorRights>
		<InvestigatorRights>x</InvestigatorRights>
		<OperatorRights>x</OperatorRights>
	</ResourcePermission>
	<ResourcePermission>
		<GUID>B5B779AD-221D-495C-9FB9-F197CEFB6F2B</GUID>
		<ResourcePath>brainwave.main.softwareupdates</ResourcePath>
		<ManagerRights>eixcrud</ManagerRights>
		<SupervisorRights>xcru</SupervisorRights>
		<InvestigatorRights>xr</InvestigatorRights>
		<OperatorRights>xr</OperatorRights>
	</ResourcePermission>
	<ResourcePermission>
		<GUID>673B5DC0-C957-4AB6-B7F0-F30C0842A672</GUID>
		<ResourcePath>brainwave.main.mainmenu.replaytest.replay</ResourcePath>
		<ManagerRights>x</ManagerRights>
		<SupervisorRights>x</SupervisorRights>
		<InvestigatorRights>x</InvestigatorRights>
		<OperatorRights>x</OperatorRights>
	</ResourcePermission>
	<ResourcePermission>
		<GUID>F6B54EF6-A17A-44BA-9D9B-F6B4631F78E6</GUID>
		<ResourcePath>brainwave.main.tools.bluetoothmgmt</ResourcePath>
		<ManagerRights>eixcrud</ManagerRights>
		<SupervisorRights>xcru</SupervisorRights>
		<InvestigatorRights>xr</InvestigatorRights>
		<OperatorRights>xcu</OperatorRights>
	</ResourcePermission>
	<ResourcePermission>
		<GUID>5BC2E3A9-71BB-4473-95D1-FC16C8A8BC99</GUID>
		<ResourcePath>brainwave.main.conducttest</ResourcePath>
		<ManagerRights>eixcrud</ManagerRights>
		<SupervisorRights>xcru</SupervisorRights>
		<InvestigatorRights>xr</InvestigatorRights>
		<OperatorRights>xcru</OperatorRights>
	</ResourcePermission>
	<ResourcePermission>
		<GUID>F1782AB5-10C3-487E-AB03-FDD80D950D95</GUID>
		<ResourcePath>brainwave.main.imageeditor</ResourcePath>
		<ManagerRights>eixcrud</ManagerRights>
		<SupervisorRights>xcru</SupervisorRights>
		<InvestigatorRights>xcru</InvestigatorRights>
		<OperatorRights>xcru</OperatorRights>
	</ResourcePermission>
</BF_ResourcePermissions>
