<CP_Session>
	<Parameter>
		<!-- High Pass Filter Default -->
		<KeyClassGUID>F5888188-45EE-4704-B51F-F42289499A56</KeyClassGUID>
		<KeyValue>0.997</KeyValue>
	</Parameter>
	<Parameter>
		<!-- Max Allowable Range for FPz (P-P) -->
		<KeyClassGUID>A993B010-7DF3-4C3E-BD70-571863566757</KeyClassGUID>
		<KeyValue>300</KeyValue>
	</Parameter>
	<Parameter>
		<!-- Max Allowable Range for Fz (P-P) -->
		<KeyClassGUID>910D1914-0185-4B9A-8415-1113EE156065</KeyClassGUID>
		<KeyValue>2000</KeyValue>
	</Parameter>
	<Parameter>
		<!-- Max Allowable Range for Cz (P-P) -->
		<KeyClassGUID>B0ADF6DA-20D5-42CB-9865-000F7C01EA7C</KeyClassGUID>
		<KeyValue>2000</KeyValue>
	</Parameter>
	<Parameter>
		<!-- Max Allowable Range for Pz (P-P) -->
		<KeyClassGUID>B4B65C80-4E59-405F-A544-2B91219F4CD4</KeyClassGUID>
		<KeyValue>200</KeyValue>
	</Parameter>
	<Parameter>
		<!-- PGA Gain -->
		<KeyClassGUID>6040EA13-077F-48D7-B040-727D5DB6BEF4</KeyClassGUID>
		<KeyValue>1</KeyValue>
	</Parameter>
	<Parameter>
		<!-- Required number of good Targets -->
		<KeyClassGUID>4312C1E2-AD6F-4BED-ADC9-6DBB7A11E6AA</KeyClassGUID>
		<KeyValue>12</KeyValue>
	</Parameter>
	<Parameter>
		<!-- Default Sampling Rate -->
		<KeyClassGUID>53B4AE82-3E39-4CF0-9F6C-91519D0D7C23</KeyClassGUID>
		<KeyValue>500</KeyValue>
	</Parameter>
	<Parameter>
		<!-- Text Stimulus Exposure Time -->
		<KeyClassGUID>64E4BF89-8CD1-403A-95CC-105E8456E492</KeyClassGUID>
		<KeyValue>400</KeyValue>
	</Parameter>
	<Parameter>
		<!-- Required number of good Probes -->
		<KeyClassGUID>66CB6DC0-F52F-4311-973F-A9C413F7B153</KeyClassGUID>
		<KeyValue>12</KeyValue>
	</Parameter>
	<Parameter>
		<!-- Data epoch post-stimulus -->
		<KeyClassGUID>67F70DBE-E32E-4B68-909C-2F39DDFD0C41</KeyClassGUID>
		<KeyValue>2800</KeyValue>
	</Parameter>
	<Parameter>
		<!-- Resolution -->
		<KeyClassGUID>6FB77766-63E4-4006-99FC-AC39EB8D4BDE</KeyClassGUID>
		<KeyValue>24</KeyValue>
	</Parameter>
	<Parameter>
		<!-- Required Number of Good Irrelevant Trials -->
		<KeyClassGUID>B1EA48CF-20D3-4B0B-9F92-312F089BC1DE</KeyClassGUID>
		<KeyValue>36</KeyValue>
	</Parameter>
	<Parameter>
		<!-- Fixation Duration -->
		<KeyClassGUID>B80D9364-A51F-44F1-BF11-3FC73A85B2A0</KeyClassGUID>
		<KeyValue>1000</KeyValue>
	</Parameter>
	<Parameter>
		<!-- Stimulus Interval -->
		<KeyClassGUID>FFEB82E1-382D-45D8-8B83-938D808502C1</KeyClassGUID>
		<KeyValue>3000</KeyValue>
	</Parameter>
	<Parameter>
		<!-- Number of EEG Channels -->
		<KeyClassGUID>C520E37E-74B6-4E1F-BA03-31B5D1176A10</KeyClassGUID>
		<KeyValue>4</KeyValue>
	</Parameter>
	<Parameter>
		<!-- EEG Capture Length -->
		<KeyClassGUID>1D2DD90E-C1B2-473B-9DAE-7757AA0D492E</KeyClassGUID>
		<KeyValue>3800</KeyValue>
	</Parameter>
	<Parameter>
		<!-- Reaction Time Window -->
		<KeyClassGUID>6E3055AF-B371-4DF5-A0A7-40D1B016BAB0</KeyClassGUID>
		<KeyValue>1800</KeyValue>
	</Parameter>
	<Parameter>
		<!-- Channel used for Analysis -->
		<KeyClassGUID>50477937-7d9c-4a15-baaf-fc144dfe1a61</KeyClassGUID>
		<KeyValue>Pz</KeyValue>
	</Parameter>
	<Parameter>
		<!-- Information Absent Criterion -->
		<KeyClassGUID>703fcf3d-6d1e-49a5-98bc-fc6543772098</KeyClassGUID>
		<KeyValue>70</KeyValue>
	</Parameter>
	<Parameter>
		<!-- Minimun Number of Trials to run an analysis -->
		<KeyClassGUID>848360ac-f710-4518-a93c-fd05e9d25b97</KeyClassGUID>
		<KeyValue>100</KeyValue>
	</Parameter>

  <Parameter>
    <!-- Minimun Number of Trials to authorize a report creation -->
    <KeyClassGUID>8F51B580-6B87-49DA-A864-3E242188EEC2</KeyClassGUID>
    <KeyValue>100</KeyValue>
  </Parameter>

	<Parameter>
		<!-- Information Present Criterion -->
		<KeyClassGUID>40eae0c1-07bb-445d-b48c-e462808236b3</KeyClassGUID>
		<KeyValue>90</KeyValue>
	</Parameter>
	<Parameter>
		<!-- EEG Range Criterion -->
		<KeyClassGUID>6c173823-7318-491a-82c3-cb0895298d4b</KeyClassGUID>
		<KeyValue>150</KeyValue>
	</Parameter>
	<Parameter>
		<!-- Analysis Baseline End -->
		<KeyClassGUID>4b1b6e9b-badc-4f44-a774-97930b007adb</KeyClassGUID>
		<KeyValue>0</KeyValue>
	</Parameter>
	<Parameter>
		<!-- Analysis Method -->
		<KeyClassGUID>bbc19d13-5471-4f25-88b3-a36a34db8cdc</KeyClassGUID>
		<KeyValue>DCGM</KeyValue>
	</Parameter>
	<Parameter>
		<!-- Analysis Epoch End -->
		<KeyClassGUID>f47d9dfb-ca51-4d25-a002-557dc3a286a8</KeyClassGUID>
		<KeyValue>1500</KeyValue>
	</Parameter>
	<Parameter>
		<!-- EOG Range Criterion -->
		<KeyClassGUID>d2c7a493-adea-4f8a-aa29-76f22625f94f</KeyClassGUID>
		<KeyValue>200</KeyValue>
	</Parameter>
	<Parameter>
		<!-- Low Pass Filter -->
		<KeyClassGUID>e85020d0-bd83-49c6-9310-77495679900c</KeyClassGUID>
		<KeyValue>filter-6.xml</KeyValue>
	</Parameter>
	<Parameter>
		<!-- Analysis Baseline Start -->
		<KeyClassGUID>fa7c0ac4-02db-4f38-9fb0-2fc06295f38e</KeyClassGUID>
		<KeyValue>-250</KeyValue>
	</Parameter>
	<Parameter>
		<!-- Bootstrapping Iterations -->
		<KeyClassGUID>fbfbfe97-f08b-4036-b29d-06b883c70005</KeyClassGUID>
		<KeyValue>1000</KeyValue>
	</Parameter>
	<Parameter>
		<!-- Analysis Epoch Start -->
		<KeyClassGUID>8258891b-2290-4030-a862-22d45a906e70</KeyClassGUID>
		<KeyValue>300</KeyValue>
	</Parameter>
	<Parameter>
		<!-- Image Stimulus Exposure Time  -->
		<KeyClassGUID>FBBA9379-E126-44BC-888D-D615923CC62B</KeyClassGUID>
		<KeyValue>400</KeyValue>
	</Parameter>
	<Parameter>
		<!-- Rejection Epoch Start -->
		<KeyClassGUID>3feda310-06cf-40d8-aa7f-8f08e6ca8592</KeyClassGUID>
		<KeyValue>0</KeyValue>
	</Parameter>
	<Parameter>
		<!-- Rejection Epoch End -->
		<KeyClassGUID>7dcf0c67-d0c6-4599-bd56-2dfc60136beb</KeyClassGUID>
		<KeyValue>1800</KeyValue>
	</Parameter>
	<Parameter>
		<!-- Analysis Graph Start -->
		<KeyClassGUID>638c181d-d25e-4a1f-acc4-0e30e2f4f46d</KeyClassGUID>
		<KeyValue>0</KeyValue>
	</Parameter>
	<Parameter>
		<!-- Analysis Graph End -->
		<KeyClassGUID>99dd1b5c-4a47-455d-b31c-e3d5895cc385</KeyClassGUID>
		<KeyValue>1800</KeyValue>
	</Parameter>
	<Parameter>
		<!-- Preliminaly Minimum Number of Trials for Analysis -->
		<KeyClassGUID>320861e9-547c-4c48-aecb-708797fbfadb</KeyClassGUID>
		<KeyValue>5</KeyValue>
	</Parameter>
</CP_Session>