﻿<?xml version="1.0" encoding="utf-8"?>
<Project ToolsVersion="14.0" xmlns="http://schemas.microsoft.com/developer/msbuild/2003">
  <PropertyGroup>
    <IncludeCompositeObjects>True</IncludeCompositeObjects>
    <TargetDatabaseName>BrainwaveDB</TargetDatabaseName>
    <DeployScriptFileName>BrainwaveDB.sql</DeployScriptFileName>
    <TargetConnectionString>Data Source=.\SQLEXPRESS;Integrated Security=True;Pooling=False</TargetConnectionString>
    <ProfileVersionNumber>1</ProfileVersionNumber>
    <BlockWhenDriftDetected>False</BlockWhenDriftDetected>
    <RegisterDataTierApplication>True</RegisterDataTierApplication>
  </PropertyGroup>
</Project>